1	[0.011117127518434775, 0.512689367927182, 0.22295837336102478, -2.033492672161338, -2.2327158509038814, 0.10995966249179961]
1	[0.011104366053910433, 0.5126803756731348, 0.22294144707469538, -2.0334560896700395, -2.2328022891835118, 0.11001147987737409]
1	[0.01110675282061649, 0.5126876913231347, 0.22298374429401122, -2.03345655983209, -2.2327622762690997, 0.10989784053304892]
1	[0.011123993141116853, 0.5126839686254812, 0.2229593557609797, -2.033533821865633, -2.232708193112264, 0.10994482947106098]
1	[0.011106119498125252, 0.5126856843099603, 0.22294149495393673, -2.0335182414310835, -2.232759613708217, 0.1100490939777433]
1	[0.01112525171963908, 0.5126878263059265, 0.22296390092479912, -2.033503012209483, -2.232729603101669, 0.10992673671180266]
1	[0.011106220337048393, 0.5126744802640456, 0.22294921088369915, -2.0335230778883973, -2.232794416248643, 0.11000956600694736]
1	[0.01111762368030136, 0.5126869631248797, 0.22294891301268027, -2.0335175458442816, -2.2327149743318904, 0.10996947417237789]
1	[0.011119648214619639, 0.5126781898956017, 0.2229523747919851, -2.033489727983243, -2.2327346563379202, 0.11000667443354745]
1	[0.011104647384555678, 0.5126848726522535, 0.22297344245789463, -2.033511328302143, -2.2327115656555514, 0.10994165480075739]
1	[0.011115566987800153, 0.5126845291444566, 0.22296658854805101, -2.0334690613180486, -2.232742348760832, 0.10997444602105584]
1	[0.011113760927000694, 0.5126790060319323, 0.22294651959064804, -2.0334533659938936, -2.2327730602339964, 0.11002214800929164]
1	[0.011117378008940606, 0.5126936198887894, 0.22295809125979793, -2.0335034539812584, -2.23277831137525, 0.1099636113821873]
1	[0.011114417890360087, 0.5126734469357936, 0.22292020964542145, -2.0335789436696987, -2.2327158665349773, 0.11008228928284629]
1	[0.011110316536640073, 0.51268339662025, 0.2229582972478276, -2.0335182828128984, -2.2327156020109213, 0.10997212366309761]
1	[0.011110175879913229, 0.5126829406627044, 0.22295127293694533, -2.0334988374902485, -2.232743916999651, 0.1100030540756856]
1	[0.01111461382299504, 0.5126777106081138, 0.2229651423456458, -2.033527597569745, -2.232700932998209, 0.10995496474773588]
1	[0.011101931578591582, 0.5126842060566119, 0.2229525985307861, -2.0334512230727935, -2.232768266033706, 0.11005077914684527]
1	[0.011109445899389897, 0.5126806613358668, 0.22294893489401768, -2.033533731408982, -2.232724902964095, 0.11003833988415494]
1	[0.01110407355068154, 0.5126870732409003, 0.22296892670427443, -2.0334493457746277, -2.2327502261141747, 0.1099446693213216]
1	[0.011104227569265114, 0.5126799263151688, 0.2229343642902626, -2.0335045515253323, -2.2327714826886425, 0.11004804054775907]
1	[0.011101102706031315, 0.5126892357128374, 0.22294500199431927, -2.033520726913791, -2.2327414013139113, 0.11000272215824694]
1	[0.011091408830569452, 0.5126708294286108, 0.22292304958929232, -2.0335396768245553, -2.2327204270237666, 0.11014104786846815]
1	[0.011105821589616883, 0.512681080107491, 0.22295528838867118, -2.0334804128352753, -2.2327208872209723, 0.11004113084049352]
1	[0.011117709501154191, 0.5126871973949282, 0.22293597479322835, -2.0334748193466017, -2.2327693047020465, 0.11001495115307448]
1	[0.011096299626878426, 0.5126744985238841, 0.22294126808527784, -2.0334600519355637, -2.2328057456788795, 0.11003067223250831]
1	[0.011123370377846777, 0.512685690934824, 0.2229477439551253, -2.033534461619452, -2.2327048841559445, 0.10998493118482883]
1	[0.011123292782710662, 0.5126853937506406, 0.2229546489821481, -2.0335251331276063, -2.2327191661227985, 0.11000151141165133]
1	[0.011114387708185987, 0.5126958474229291, 0.22295975190360529, -2.0335046794473133, -2.23272732566132, 0.10997050747487803]
1	[0.011134944643026931, 0.5126873357118291, 0.22295007460664268, -2.0335707144849353, -2.2326620498636016, 0.11000906339351836]
1	[0.011106892388914658, 0.5126957697320171, 0.22296525673587275, -2.0334416033578595, -2.232745610401609, 0.10991174943541025]
1	[0.011115322518288692, 0.5126762228549654, 0.2229638159533257, -2.0335113796645543, -2.2327349152170752, 0.10996252542510539]
1	[0.011098802861235418, 0.512689709334464, 0.2229522816227793, -2.033469396757904, -2.232762577768921, 0.11003062849373609]
1	[0.011103248361965804, 0.5126805591804408, 0.2229618729310167, -2.0334542819489454, -2.232778089614763, 0.10998516893244806]
1	[0.011109263586276822, 0.512695396917551, 0.22297253305941833, -2.033445859307483, -2.232776683880171, 0.10991162619867334]
1	[0.011106622931532723, 0.5126872732499037, 0.22294974683921095, -2.0334930545094516, -2.232764440443793, 0.10999816887909766]
1	[0.011102700866693852, 0.5126788937294411, 0.22294634914456538, -2.0335304841057806, -2.2327232779376316, 0.11002465799402227]
1	[0.011120843713585743, 0.5126818887838356, 0.22294299063153733, -2.033517212272843, -2.2327104804905313, 0.1100084406545934]
1	[0.011113648596885172, 0.5126746903875739, 0.22292842900955634, -2.0335721434164347, -2.232707925676447, 0.11008971920902247]
1	[0.011109672434853586, 0.5126813517512382, 0.22294302110783515, -2.0335104504761206, -2.2327509187374495, 0.11005288644174813]
1	[0.011102700866693852, 0.5126788937294411, 0.22294634914456538, -2.033516910371443, -2.2327351070306563, 0.11002356513815455]
1	[0.011110350482454975, 0.5126912440299293, 0.2229467094705845, -2.033480013962065, -2.232724643581137, 0.11000130617401871]
1	[0.01111060802083472, 0.5126994894642587, 0.22296413976797505, -2.0334537654326965, -2.2327814507407373, 0.10994556769544195]
1	[0.011112632975021621, 0.5126943943369643, 0.22296466724734978, -2.033524189130245, -2.232694963241185, 0.10997988189173749]
1	[0.011108995006025583, 0.5126792871395405, 0.22296070388801226, -2.03345816692552, -2.232779355414092, 0.10999957686783482]
1	[0.011109557046057492, 0.5126810862253823, 0.22294873397687115, -2.033522051286669, -2.232717957497456, 0.10998871037016252]
1	[0.011108817997816926, 0.512690063383814, 0.2229600354201468, -2.033465477802309, -2.232792633305108, 0.10995593025425446]
1	[0.011114213974318795, 0.5126803867342098, 0.22293469205778854, -2.033556658996112, -2.2326944996509632, 0.11006330666197406]
1	[0.01111853380236122, 0.5126860830694842, 0.22296859893688953, -2.0335444245358403, -2.2326947549671883, 0.10993268149309483]
1	[0.011099157253694732, 0.5126909047893018, 0.22295954244669697, -2.033449670666223, -2.232750764339774, 0.10994639211215823]
1	[0.011103662329200339, 0.5126742299466898, 0.22292810127117285, -2.0335064610270095, -2.232796738369718, 0.1100733608598745]
1	[0.011105193623006071, 0.5126904819662617, 0.22296638895488924, -2.033453423392705, -2.2327526578377426, 0.10996204435446058]
1	[0.011120719696558137, 0.5126851895288125, 0.22294077088197692, -2.033498083880767, -2.232735744138072, 0.11008096462939028]
1	[0.011100443959406382, 0.5126719960612595, 0.22293804946574755, -2.0335070938748254, -2.232749298145713, 0.11003906156726628]
1	[0.011122474379924573, 0.5126792878302837, 0.22294736085118466, -2.0335320729052806, -2.232727207905662, 0.10999474762749344]
1	[0.011117419682127604, 0.5126826697993848, 0.22293089380739195, -2.033526564149194, -2.2327442554534747, 0.11002865930967089]
1	[0.011112589768848687, 0.5126791533882948, 0.22292666280819856, -2.0334924717634686, -2.2327527589772806, 0.11011455178798325]
1	[0.011128498229461187, 0.5126899936487388, 0.22295395765930287, -2.0335570868579764, -2.232730129339922, 0.10996561939019726]
1	[0.011121789061025324, 0.5126960195198325, 0.222980654128723, -2.0335269989207774, -2.2327041081812133, 0.10991431701807249]
1	[0.011109767813548884, 0.5126855867603072, 0.22294773656511058, -2.033485570672132, -2.2327518305009604, 0.11004325653265429]
1	[0.011108898632903454, 0.512694257321382, 0.22297136395894068, -2.033422584924046, -2.232802664030533, 0.10992599015962227]
1	[0.011099848349442262, 0.512681661546303, 0.22296237120045215, -2.0334596300125845, -2.2327286198747514, 0.1100089422607253]
1	[0.011103761582750206, 0.5126748416820791, 0.22293384982053155, -2.033497632657853, -2.2327114891646103, 0.11005903205659978]
1	[0.011092211777889776, 0.5126892189782228, 0.22296422869224042, -2.033436150774782, -2.2327636600833047, 0.10994751258719614]
1	[0.011097610122293204, 0.5126596357642953, 0.2229374754817383, -2.0335221357730493, -2.2327621234001493, 0.11006652491031581]
1	[0.011114750553121396, 0.5126858728287566, 0.22295399215038192, -2.0334889852467635, -2.232709764319959, 0.10998265585399478]
1	[0.011110953217068065, 0.5126817594058567, 0.22296253513317904, -2.033464791668895, -2.2327072894722337, 0.11001274890275309]
1	[0.01110535612018609, 0.5126833849309957, 0.22297211605135736, -2.0334951104590724, -2.2327455478693343, 0.10994921493739963]
1	[0.011111305369148354, 0.5126903495455654, 0.22296638895488924, -2.0334936132739663, -2.2327165879867965, 0.10996313747194203]
1	[0.011116523578089533, 0.5126874989949727, 0.22296301284343814, -2.033533591946911, -2.2326804437454717, 0.10996358744222193]
1	[0.011118084069264619, 0.5126923376563589, 0.22295479762458406, -2.033448071746051, -2.2327490514892507, 0.10994001519052936]
1	[0.01112706720299691, 0.5126894309217125, 0.22297297376489023, -2.033507154635524, -2.2327360796660574, 0.1099039396228223]
1	[0.01110986750917369, 0.5126972659473225, 0.22296789350299978, -2.0334597763602353, -2.232764301296681, 0.10991211733757063]
1	[0.011116661049405587, 0.5126690130710145, 0.2229417370134164, -2.033542495405063, -2.2327057013351106, 0.11005968672015633]
1	[0.011119140003763404, 0.5126879588928418, 0.22296390092479912, -2.0334628221816042, -2.23276567321488, 0.10992564373068778]
1	[0.011134346760307265, 0.5127004468410352, 0.22296546617481022, -2.0335362707648215, -2.232685518360302, 0.10993477172235308]
1	[0.011102676743331194, 0.512682766520022, 0.22295729863675146, -2.033460748945417, -2.232757154816935, 0.10999385783507516]
1	[0.011103038498307518, 0.5126800089245716, 0.22294023454022932, -2.0334819496077507, -2.2327541772766573, 0.10998848191138227]
1	[0.011116272194334365, 0.5126754194931042, 0.22294192367635407, -2.033551235938776, -2.232663136899018, 0.11006015513692204]
1	[0.011124186362645118, 0.5126881118342076, 0.2229580250606653, -2.033525343683347, -2.232719239783947, 0.11000215457045413]
1	[0.011106257956206879, 0.5126861335862805, 0.2229485778113419, -2.0334833536964236, -2.232778591567224, 0.11001362617276131]
1	[0.011123576291134895, 0.5127015491937874, 0.2229665247175266, -2.033486066327001, -2.2327395871731457, 0.10991075652655134]
1	[0.011090233181734438, 0.5126791635810439, 0.22294634914456538, -2.0334767295474108, -2.2327722569329964, 0.11002470170818818]
1	[0.011109355837863738, 0.5126957351101338, 0.2229590149974487, -2.0334873171074075, -2.232740980048674, 0.10991649337721839]
1	[0.011116974505052803, 0.5126888732385562, 0.2229512436488067, -2.033514140977882, -2.2327087945908, 0.10999469945424142]
1	[0.011106135298970954, 0.5126818741391624, 0.2229365786467617, -2.033517867777101, -2.232763585260935, 0.11000800067972658]
1	[0.011122252416684538, 0.5126821959870451, 0.22297110430170208, -2.033531055886159, -2.232702632175794, 0.10996928940020652]
1	[0.011122919460481565, 0.512684316776375, 0.22295951308237189, -2.0335403393641505, -2.2326883623634366, 0.10995272578736043]
1	[0.011110825020187287, 0.51267735244855, 0.22295187660761379, -2.0335136758571366, -2.232760688666149, 0.10998954664254525]
1	[0.01113065476436052, 0.5126891813856105, 0.2229652273460967, -2.0334779788593034, -2.2327305258700716, 0.10991371057662011]
1	[0.011096350041248189, 0.512690333384175, 0.2229600354201468, -2.0334388698856807, -2.23281795338643, 0.10995815954431888]
1	[0.01111232790653882, 0.5126895165543427, 0.2229591941023859, -2.0335225326801902, -2.232718084023626, 0.10998997625187054]
1	[0.011120344190806175, 0.5126841059015785, 0.22294569347277654, -2.0334730749699252, -2.2327399329088284, 0.11002877744090442]
1	[0.011111655150245859, 0.5126952127416717, 0.22297185563092442, -2.0334955634332226, -2.2326938008101207, 0.10995275988413893]
1	[0.011111476110660965, 0.5126832829722464, 0.22294520180055893, -2.0334961859042795, -2.2327661057249375, 0.11001189023502614]
1	[0.011112274279443182, 0.512681766154266, 0.22294386236947122, -2.03354842401722, -2.232741609299382, 0.11002434832030204]
1	[0.011116836056046351, 0.512688424026375, 0.22294416073405005, -2.0335083074859677, -2.232725303277276, 0.11002688851268835]
1	[0.011118658720513252, 0.5126940268617628, 0.2229776056785317, -2.0334849418697543, -2.232711023780713, 0.10992566152884661]
1	[0.01110540275500247, 0.5126948893919272, 0.22296483115202248, -2.0334766499652144, -2.232722698604528, 0.10998587571188878]
1	[0.011123086231879247, 0.5126887406774301, 0.2229512436488067, -2.0335271833646185, -2.2326963822942014, 0.1099936064084]
1	[0.011124062231999627, 0.512695342069184, 0.22298635323284607, -2.033512604533406, -2.2327234698746623, 0.1098312454590531]
1	[0.011107095020724772, 0.5126923262037306, 0.22296918312206393, -2.033491687848922, -2.2327396895353964, 0.10997140198762062]
1	[0.011119513324588257, 0.5126890359066707, 0.22295903678105666, -2.033501909928424, -2.232749160855369, 0.10997880138758025]
1	[0.011109153376304116, 0.5126837737576655, 0.2229584676938939, -2.033524212571799, -2.2326951045399444, 0.10998058716218972]
1	[0.011106581136599833, 0.5126907886228927, 0.22296036315837153, -2.033478469391236, -2.2327518320715325, 0.10997233338549144]
1	[0.011137181454600194, 0.5126866103328479, 0.22294974683921095, -2.033517546530847, -2.232737866568692, 0.10998942628594967]
1	[0.011104913599413874, 0.5126820412782984, 0.22295697086933733, -2.033461331042934, -2.2327861272489025, 0.10997854781284157]
1	[0.011120266587572716, 0.5126838086927675, 0.2229525985307861, -2.0335180411030955, -2.232706898595144, 0.11004972983920534]
1	[0.011114868914424831, 0.5126897789878218, 0.22294604738133084, -2.0334689846438225, -2.2327938045119184, 0.1099693975231482]
1	[0.011109436213433722, 0.5126729822826452, 0.2229342160327985, -2.033540890063533, -2.2327770840696153, 0.11010625919433406]
1	[0.01109973114857461, 0.5126887043143603, 0.22296405824617535, -2.033429668438268, -2.2327835510036067, 0.10993677534124739]
1	[0.011097208146934054, 0.5126697729337827, 0.22294190091818133, -2.0334824450701485, -2.232746432085141, 0.11006895904391087]
1	[0.011113036609480202, 0.5126880287787295, 0.22295786773935033, -2.0335198879235468, -2.232740237042555, 0.10999862996808053]
1	[0.011105244990995933, 0.5126756187095903, 0.22293485491590165, -2.0334598445621133, -2.2327534623164222, 0.110032072630766]
1	[0.011116747930717942, 0.5126881827317576, 0.22295715752705786, -2.0335374208201875, -2.23268277833223, 0.10998015363491766]
1	[0.011112252479645715, 0.5126893190270794, 0.22294515931571737, -2.0335126090383286, -2.2327322332018014, 0.11000515426796399]
1	[0.011116624560883998, 0.5126951221575693, 0.22295942416539366, -2.033450966690848, -2.232803613922847, 0.10995082591744251]
1	[0.011117587770868227, 0.5126831504767343, 0.22294520180055893, -2.0335363761534233, -2.2327300352448654, 0.11001298301378117]
1	[0.011111752035652742, 0.5126652457455837, 0.22293100927929743, -2.033524494801462, -2.2327630253169164, 0.11007689508148687]
1	[0.01112009531974484, 0.5126868653994427, 0.2229366382224322, -2.0335247773982825, -2.2327671282278745, 0.11003736972890947]
1	[0.011106760646925385, 0.512668786714898, 0.22292847155718987, -2.033542677436185, -2.23275421120089, 0.11009754848698967]
1	[0.011110569779489037, 0.5126767684055039, 0.22295036457361236, -2.0334838493631615, -2.2327227391128197, 0.11005617695027753]
1	[0.011115329247870731, 0.512695153564159, 0.22295193193297963, -2.0335081003717965, -2.2327332488370404, 0.10994868216883374]
1	[0.011109697707779536, 0.5126815421984341, 0.2229557582787143, -2.0334872020172496, -2.2327369588160413, 0.10995340820056856]
1	[0.011097042253851323, 0.5126804067620825, 0.22293452161167948, -2.033470879427673, -2.232787721597969, 0.11005484372229307]
1	[0.011109445899389897, 0.5126806613358668, 0.22294893489401768, -2.0335065837876574, -2.2327485610360407, 0.11003615422920884]
1	[0.011124243696657867, 0.5126807862887754, 0.22294249244699682, -2.0335395552412177, -2.2327358193568254, 0.10998689766863069]
1	[0.011118193452410167, 0.5126773064303287, 0.2229587955608336, -2.033512754627418, -2.2327637602610095, 0.10994699209556608]
1	[0.011122129632667635, 0.5126857709198156, 0.22295481942817943, -2.03353106302107, -2.2326986684096637, 0.11000997433803444]
1	[0.011117222764235532, 0.5126820108090897, 0.22294403278638472, -2.0335266754507533, -2.2327441864136186, 0.11002844042245895]
1	[0.011099209567857761, 0.5126721844669173, 0.22295120448841177, -2.0334605791576283, -2.2327571798769554, 0.10999373545038081]
1	[0.011101612219653065, 0.5126908392557366, 0.2229802154221247, -2.033480202592426, -2.2327368208080474, 0.10988518311932315]
1	[0.011110192767319959, 0.512701927312296, 0.22297962071452643, -2.033468502061093, -2.2327257352459697, 0.10987208478143964]
1	[0.011108393071735605, 0.5126926618995655, 0.22296317042236186, -2.0334754244961393, -2.2327736839176353, 0.10997897910450143]
1	[0.011108522736315943, 0.5126742338217468, 0.22294126808527784, -2.033500254604511, -2.232768619390974, 0.11002962320405818]
1	[0.01110369924768396, 0.512681933408775, 0.22295010390834882, -2.0335032419076042, -2.2327468223433065, 0.1100217898615283]
1	[0.011110277402660877, 0.5126756866895759, 0.222936352957913, -2.0335486133332306, -2.2327418367080942, 0.11002571316629428]
1	[0.011102754300657892, 0.5126829705456526, 0.2229712747476785, -2.0334842846263457, -2.2327312003374096, 0.10997993876465498]
1	[0.011114200672876778, 0.5126917139799024, 0.22298138456439676, -2.0334616944825203, -2.2327451622024648, 0.10986316795218655]
1	[0.011109150181516751, 0.5126648313462223, 0.22293016808956106, -2.0335272430544458, -2.2327368465203343, 0.11010871062273715]
1	[0.01112009531974484, 0.5126868653994427, 0.2229366382224322, -2.033538351358924, -2.232755299129928, 0.1100384623327249]
1	[0.011126525271742146, 0.51269907218509, 0.22297779615092184, -2.0335414344395004, -2.232724742356957, 0.10985919229353916]
1	[0.011124001445488745, 0.5126839059437023, 0.22295332263279127, -2.033563209155431, -2.232705831320825, 0.11001344410551371]
1	[0.011116108890091129, 0.5126787055411286, 0.22294599098610873, -2.033538370812794, -2.232711338179551, 0.1099649464966031]
1	[0.011112220683082182, 0.512685607862033, 0.22294758663370864, -2.0334882847753173, -2.232761368519792, 0.1099781279934406]
1	[0.011109595354177762, 0.512688881890065, 0.22297129767016707, -2.033486269908781, -2.2327082173198147, 0.10997004225383367]
1	[0.01111129978379405, 0.5126790477131883, 0.22295270261548938, -2.0334896765519286, -2.232706267001017, 0.11002417015485791]
1	[0.011124731473259075, 0.5126861852313248, 0.22295566070307982, -2.033555462735873, -2.232701187152024, 0.10998034394024789]
1	[0.011112241908207088, 0.5126892817289528, 0.22297213240417071, -2.0334702427994857, -2.23274655629199, 0.10993684908062164]
1	[0.011109260558005181, 0.5126915002357008, 0.22295429944005862, -2.0334714763166954, -2.232775555335909, 0.10992284366957185]
1	[0.011094245330568814, 0.5126757496963958, 0.22295595046599573, -2.0334691277089254, -2.232762460122819, 0.11002964407138682]
1	[0.011119878318592001, 0.5126901755354847, 0.22296020583702808, -2.033498036773238, -2.2327468386693985, 0.10996225129420044]
1	[0.011121829366512745, 0.512688654131043, 0.222944324638799, -2.0335275738356566, -2.232692726592958, 0.11003397496311672]
1	[0.011125533219192246, 0.5126773667883149, 0.2229582885366291, -2.033485873105236, -2.232731242442879, 0.10998779985251159]
1	[0.011120987873836441, 0.5126936399257136, 0.2229637598547793, -2.033526982302451, -2.2327042909525896, 0.10991521831176153]
1	[0.011132526586268388, 0.5126873164702815, 0.22296373050788237, -2.033537272189414, -2.232714029808714, 0.10991936657794556]
1	[0.011117510169120189, 0.512682853260674, 0.22295210685879202, -2.033540621104043, -2.2327324880341037, 0.11003065626322336]
1	[0.011121075971210677, 0.5126901564379911, 0.22294565758534743, -2.0335163508314054, -2.2326820697283067, 0.11002451142496296]
1	[0.011110563428345209, 0.5126804773206992, 0.2229285090630024, -2.0335214224531137, -2.2327614046784525, 0.1100635144948158]
1	[0.011102421896217345, 0.5126932500995378, 0.22297019487272773, -2.0334818272938695, -2.232757780658614, 0.10994914150451958]
1	[0.011112985775682678, 0.512680193805142, 0.22293519902429834, -2.033501022877469, -2.2327978837623115, 0.1100137120569374]
1	[0.01111713806698838, 0.5126893120825218, 0.2229522816227793, -2.033522098100531, -2.2327135121166806, 0.1100284425696525]
1	[0.01110815773866684, 0.512673094135568, 0.22294009908636786, -2.0335177015629937, -2.2327591124249584, 0.11004726613929963]
1	[0.011107678835300014, 0.5126791695778752, 0.2229537447906385, -2.033512713764256, -2.2327281437074475, 0.11004526276777107]
1	[0.011128202985174664, 0.5126968682996512, 0.22296789350299978, -2.033526051659584, -2.2327034071311216, 0.10991102432564948]
1	[0.011111769799640198, 0.5126842336964034, 0.2229593557609797, -2.0334941630438235, -2.2327448466192292, 0.10994592240506357]
1	[0.011114108614209667, 0.5126949422712607, 0.22294564444880202, -2.0335201214580834, -2.232736662322189, 0.11003690591161829]
1	[0.011121017475507939, 0.5126973490562152, 0.22296805082435353, -2.0334646898530595, -2.2327437785828956, 0.10991559777277572]
1	[0.011118179307354963, 0.5126849805144037, 0.2229404569908307, -2.033522796030496, -2.2327419001878055, 0.11001207230285655]
1	[0.011114699768129004, 0.5126779452604509, 0.2229522043459155, -2.033512019388477, -2.2327316060237554, 0.11000262718344526]
1	[0.011124255533719407, 0.512673421912633, 0.22294042685384896, -2.03351443942569, -2.232729335172159, 0.11005593096547103]
1	[0.011109983835583476, 0.5126863331301811, 0.22294791440123407, -2.03350073301941, -2.232721040263347, 0.10999448735210743]
1	[0.011111799370839509, 0.5126879380797562, 0.2229569870809956, -2.033504875158467, -2.232727517286942, 0.10997169023592461]
1	[0.011116974505052803, 0.5126888732385562, 0.2229512436488067, -2.033472877111957, -2.232744754740814, 0.1099913765840993]
1	[0.011130983821366935, 0.5126865084696062, 0.22296268507602757, -2.033520083031406, -2.232719606125997, 0.10994285581040689]
1	[0.011107589752364089, 0.5126750380529457, 0.2229484495830873, -2.0334990714745937, -2.2327441319585453, 0.11000440250986115]
1	[0.011110402424092156, 0.5126836311048433, 0.22294535912194646, -2.033489130436379, -2.2327581037739663, 0.11001869332592477]
1	[0.011113759346346754, 0.5126863144180455, 0.22294249353622236, -2.0335486281960122, -2.232741718758261, 0.11002517354784255]
1	[0.011094779068648997, 0.5126849981884282, 0.22294585739154285, -2.033467850717986, -2.2327339309970022, 0.1100446087761726]
1	[0.011114709617811453, 0.5127007728332619, 0.22295855350799515, -2.0334836663852305, -2.232730595782581, 0.10997760993055891]
1	[0.011107164322611579, 0.5126814011204399, 0.22294926924476105, -2.0334915909148044, -2.2327315567828565, 0.1100506107378561]
1	[0.011107684345585404, 0.5126941496498958, 0.22296449680135572, -2.0334780694915118, -2.2327515309787733, 0.10997032540958526]
1	[0.01110290267874231, 0.5126872214599131, 0.22294906948346527, -2.0334884531866613, -2.2327299278056896, 0.11003707208118478]
1	[0.011116514088449561, 0.5126834986221305, 0.22294535912194646, -2.0335157468426184, -2.232733862535864, 0.1100186933259205]
1	[0.011121379318902344, 0.5126758688392049, 0.22294385380994608, -2.0335844131057668, -2.232698685901076, 0.11004767641140581]
1	[0.011119303448823949, 0.5126846729031264, 0.22295983349709897, -2.0335028347505655, -2.232693814739659, 0.11002303768840435]
1	[0.011129390059278352, 0.5126889404531776, 0.22295970773797663, -2.0335334225581088, -2.2327597649566586, 0.10993961510246793]
1	[0.011111737456876285, 0.5126801573452601, 0.2229685694865841, -2.0335020126664833, -2.232753559579175, 0.10993901555410118]
1	[0.011102883391802088, 0.5126794195326814, 0.22296070388801226, -2.0335129934251084, -2.232732622937567, 0.11000613431471437]
1	[0.011120942037479622, 0.5126970584321466, 0.2229748974632504, -2.033523810170919, -2.2326984651533235, 0.10993785244218328]
1	[0.011116390721485328, 0.512702029882471, 0.22296668203887668, -2.033479541243329, -2.232732168561755, 0.10991974602983028]
1	[0.011110406420977749, 0.5126800544542444, 0.22295443188591282, -2.033511704666594, -2.2327354535387127, 0.10996424767788524]
1	[0.011097799000451172, 0.5126753673555676, 0.2229348409826929, -2.033465554434916, -2.232752368609207, 0.1100923441153899]
1	[0.011102272692531218, 0.5126739168355912, 0.22293418539162574, -2.03350852553727, -2.232773882607923, 0.11006509110825205]
1	[0.011094509905541205, 0.5126691799076768, 0.2229600889679994, -2.033416507493225, -2.232739710326822, 0.1099799170359896]
1	[0.011124731473259075, 0.5126861852313248, 0.22295566070307982, -2.0334875945805635, -2.232760333168208, 0.10997487963513032]
1	[0.011124402403172716, 0.5126888582010758, 0.22295820291494653, -2.033526931916365, -2.23270027782349, 0.10995229231446298]
1	[0.011098073044826939, 0.5126880752838642, 0.22295754749436447, -2.033477020985424, -2.232808003247646, 0.10992835922646917]
1	[0.01110933273264387, 0.5126804025813876, 0.22295458920732225, -2.033531796041501, -2.23270379358758, 0.10997323705671229]
1	[0.01110824636510239, 0.5126922706930447, 0.222955460980131, -2.033485518597744, -2.2327598695019484, 0.10996571203239512]
1	[0.011096642008195644, 0.5126869604739904, 0.22294807830601715, -2.033480872060718, -2.2327257005096923, 0.11000485350577689]
1	[0.011118395429756622, 0.5126856340922238, 0.2229615160052205, -2.033497870875446, -2.2327467525552414, 0.10996159173537559]
1	[0.011121198863961295, 0.5126753494048175, 0.22292944065822956, -2.0335476467517326, -2.232736680789932, 0.11006199519505627]
1	[0.011119507517107047, 0.512677733849228, 0.22294535057687204, -2.0335115461376634, -2.2327270101557706, 0.11004092785527116]
1	[0.01111925778500273, 0.5126919046949427, 0.22294853532419417, -2.033498714701431, -2.232743552707281, 0.11000251870417735]
1	[0.011107649316167074, 0.5126791384818126, 0.22294651959064804, -2.033508735614013, -2.2327258550646447, 0.11002874957777764]
1	[0.011127869895811054, 0.5126994399411684, 0.22296429708929633, -2.0335271017037893, -2.2327002527593005, 0.10995241469998918]
1	[0.011101313406607293, 0.512678587237359, 0.2229523747919851, -2.0334375689828015, -2.2327832479634595, 0.11000890418747694]
1	[0.011107310556390816, 0.5126741325878608, 0.2229343427130333, -2.0335145127896572, -2.2327534679649883, 0.11007080148257087]
1	[0.01111659175481975, 0.5126837029661346, 0.22295933522772027, -2.033498561556215, -2.23274339503155, 0.1100014950099489]
1	[0.011105994305933144, 0.5126967196223596, 0.22296008625432834, -2.033463069965177, -2.232734563267639, 0.10998496460026749]
1	[0.011126029026817667, 0.5126977517747501, 0.22298215101028693, -2.03350789471736, -2.2326845340240027, 0.1099097549068944]
1	[0.011122447036643187, 0.5126792633665792, 0.2229400772187497, -2.0335281331371364, -2.2327249424300213, 0.10997839997576836]
1	[0.011117478599198885, 0.5126752977167246, 0.22292876336045464, -2.0335566188695187, -2.2326903375157556, 0.11010198997612348]
1	[0.011115145738796753, 0.5126906772220874, 0.22296021336214733, -2.0335213729406023, -2.2327252973189378, 0.10990829748200805]
1	[0.011110234341599804, 0.5126831504272679, 0.22293105112885014, -2.0334787752624583, -2.232772796761221, 0.1100343258015564]
1	[0.011115997763326765, 0.512678280729304, 0.22294619182317282, -2.0335500508707334, -2.2327182839220012, 0.11001457614218864]
1	[0.011121229014648182, 0.5126906511987532, 0.22295278729133639, -2.033481308628089, -2.2327009556401256, 0.10998838105883786]
1	[0.011104121897307855, 0.5126756546920389, 0.22295662130989236, -2.0335142133312103, -2.232761236014832, 0.10999154999713452]
1	[0.011120584778653906, 0.512677122211396, 0.2229581180905728, -2.033548342086451, -2.232693177420296, 0.1099869880146362]
1	[0.0111203808146108, 0.5126728291507601, 0.22294009908636786, -2.033503064852225, -2.2327697745303494, 0.11004180260702918]
1	[0.01112475595339307, 0.5126785479968057, 0.22294702658607693, -2.0335877870432766, -2.2327087231961564, 0.10998356886275158]
1	[0.011113740690991695, 0.5126713831131711, 0.2229378921443077, -2.0334989698204082, -2.2327684355447985, 0.11002675084206838]
1	[0.01112589462797005, 0.512685808063381, 0.22295549028618128, -2.033535959358203, -2.2327335142457767, 0.10997078815704871]
1	[0.01111588375542112, 0.5126701938831834, 0.22293047521936282, -2.0335086705035272, -2.232801475670471, 0.1100445288000653]
1	[0.011117709501154191, 0.5126871973949282, 0.22293597479322835, -2.033460702408283, -2.232781606632746, 0.1100138145511973]
1	[0.011134911870639263, 0.5126908416598768, 0.22294119721852879, -2.033556139365527, -2.2327294280138075, 0.1099623273618889]
1	[0.011123480936961503, 0.512697314403418, 0.22296180908697782, -2.033497372840913, -2.232750504111212, 0.10991929308879402]
1	[0.01111826093351738, 0.5126963937112653, 0.22296755923800468, -2.0335013863695943, -2.2327570631755154, 0.10989765978612458]
1	[0.011134244942895024, 0.5126887213128882, 0.22295278861776946, -2.033532738487116, -2.2327560004200993, 0.10997775538384569]
1	[0.011125424112027707, 0.5126956384614672, 0.2229473270718299, -2.033513551466311, -2.232788907348444, 0.10997104453208664]
1	[0.01110725024269561, 0.5126929159499919, 0.2229487132476489, -2.033460644065439, -2.2327612436982402, 0.1099537494706145]
1	[0.011111668901753963, 0.5126875182401972, 0.22292298985160458, -2.0335142214112185, -2.2327533370316948, 0.11006983357353181]
1	[0.011123334409244645, 0.51268187824501, 0.22294403278638472, -2.033566865352067, -2.232708115429562, 0.11002953316279832]
1	[0.011120561474483035, 0.5126923878654167, 0.22294118196510276, -2.0334952280483627, -2.232685483119662, 0.11002985893566344]
1	[0.011133098884889453, 0.5126740144825175, 0.22293560214933555, -2.033581388710149, -2.2327163490334074, 0.11009204628051525]
1	[0.011143049601127697, 0.5126810731416823, 0.2229365786467617, -2.0335423501272767, -2.2327359312083135, 0.10999703009503879]
1	[0.011131363224599516, 0.5126839688189838, 0.22295879551739198, -2.033548108346656, -2.2326406147210256, 0.10998929472252798]
1	[0.011101970904383382, 0.5126766143663347, 0.22294401113130996, -2.033483934896987, -2.2327752378218864, 0.11005338679719995]
1	[0.011106581136599833, 0.5126907886228927, 0.22296036315837153, -2.0334507788286436, -2.232775962981118, 0.10997010370379522]
1	[0.011121097582758612, 0.5126826035780023, 0.22294436055381975, -2.033511445106189, -2.2327269322532866, 0.11004042749930534]
1	[0.011124104918545865, 0.5126994028147503, 0.22296362628738864, -2.0334814847870106, -2.2327008947914337, 0.1099883213786092]
1	[0.011106076451339684, 0.5126932556048702, 0.22297585695517663, -2.033451354253684, -2.2327314107455174, 0.1098960945565512]
5	[0.011105265166823936, 0.5126832416850374, 0.22294348238798106, -2.033441388286871, -2.2327344297419063, 0.11002965599971913]
5	[0.01110313820905781, 0.5126989035731657, 0.2229617274500544, -2.033438029455803, -2.2327082364086395, 0.10998882468291091]
5	[0.01111013468131663, 0.5126826915247988, 0.22296420450450619, -2.033501136213876, -2.232725406503154, 0.10995401526176753]
5	[0.011124507117918753, 0.5126855015141849, 0.2229615160052205, -2.033510913569898, -2.2327343404377844, 0.10996049883611388]
5	[0.011121076060098673, 0.5126938814074545, 0.22295076286245774, -2.033538589857308, -2.2327113296918015, 0.1099652321003185]
5	[0.011115577465551287, 0.512684566152927, 0.22293961574428936, -2.033525543808982, -2.2327157224184275, 0.11004388837387331]
5	[0.01111643812673987, 0.5126907902113426, 0.22293411425655063, -2.0334970599669187, -2.2327954768363165, 0.10999665891933436]
5	[0.01112673466302154, 0.5126923677325878, 0.2229625907554427, -2.033516751578188, -2.2327178599512, 0.10992848924448725]
5	[0.011128535491549092, 0.5126939313855423, 0.22297827660928338, -2.0335164548239457, -2.23272162667689, 0.10988647459146643]
5	[0.011119277379093743, 0.5126956253323317, 0.22295967945851553, -2.0334919767092403, -2.2327755746691533, 0.10987483650377092]
5	[0.011128502733405389, 0.5126974378580147, 0.22296939947056849, -2.033447041040067, -2.232836791802631, 0.1098353226998401]
5	[0.011149359470564788, 0.5126888501053253, 0.22295362345262287, -2.0336117298592913, -2.232709398332469, 0.10994784116314874]
5	[0.01113436166292466, 0.512688856285032, 0.22294721815658863, -2.033529582761374, -2.2328341168894315, 0.10994112953714565]
5	[0.011126553378554584, 0.5126911388489116, 0.22296385090870202, -2.033568672694623, -2.2328291468445323, 0.10987415736854826]
5	[0.011137876231829824, 0.5126957537505951, 0.2229618184447263, -2.033585726459921, -2.2327711194100957, 0.10985365922729044]
5	[0.011129724799626862, 0.5126935939629074, 0.22295193385181822, -2.033542163374488, -2.232801186141283, 0.10987869876406209]
5	[0.011132674698326295, 0.5126759811824587, 0.22294585962293118, -2.0336126799761804, -2.2327913971235622, 0.10993122906271983]
5	[0.011151400434533278, 0.512695831286016, 0.22295573990376963, -2.0335543284610416, -2.2328162802564093, 0.10985592006892334]
5	[0.01115120913899313, 0.5126755919101175, 0.22294586617261974, -2.0335977413265773, -2.2328006485801275, 0.10992382515873966]
5	[0.011138503149074485, 0.5126825369688658, 0.22295384624483466, -2.033577723900271, -2.232842865010408, 0.10983910141816879]
5	[0.011161799545633882, 0.512692571973269, 0.2229468315829056, -2.0336237247840883, -2.2328321493291594, 0.1098773375745877]
5	[0.01115191576729452, 0.5126780280397123, 0.2229426681063125, -2.033572634903805, -2.232887492870479, 0.10985177690369598]
5	[0.011177799747304474, 0.5126992050424874, 0.22296219019695668, -2.033654517785792, -2.232853188408524, 0.10971682212617363]
5	[0.01118534390848285, 0.5126993637249043, 0.2229561579481734, -2.033665210534612, -2.232864417464539, 0.10972350943288814]
5	[0.011179803892003244, 0.5126935252214541, 0.222963048676903, -2.0336490118388433, -2.2329036895505454, 0.1096916151691004]
5	[0.011198827856687072, 0.5126872838111944, 0.2229577106653191, -2.0337684147332937, -2.232902771246513, 0.10964519732030892]
5	[0.011222881115875764, 0.5126972551851883, 0.22297064166845884, -2.0337188773394486, -2.2329617611624037, 0.10958506552126544]
5	[0.011235520369093402, 0.5126826479245407, 0.22295651357656915, -2.0337629065666514, -2.2330843958768476, 0.10959736377911408]
5	[0.011252854780831765, 0.5126692838382043, 0.22293759806060057, -2.0339091792015895, -2.2331582436322, 0.10957994989913682]
5	[0.011279539076515554, 0.5126857678470866, 0.22297915862190287, -2.0338847792488517, -2.233230346024311, 0.10937194634653413]
5	[0.011311093745726723, 0.5126917154561009, 0.22296120757220106, -2.033982368263662, -2.233263793652148, 0.10927124196238248]
5	[0.011358033801382362, 0.5126833276224279, 0.2229489285032072, -2.034141178107233, -2.233296425166518, 0.10927577443901286]
5	[0.011381940336124458, 0.5126757960244701, 0.22296362784105084, -2.034187298254135, -2.233407178618054, 0.10915659304119063]
5	[0.011430106655077878, 0.5126739015008337, 0.22297763177388205, -2.034327446242782, -2.2333825768146944, 0.10900361323739496]
5	[0.011510878125159748, 0.5126808683149163, 0.2229980235466466, -2.0345160516975676, -2.233383444036489, 0.10884776373892799]
5	[0.011578449089061508, 0.5126775517996429, 0.2229659334124996, -2.034627343227385, -2.2335290843179574, 0.10880619335464835]
5	[0.011615984359909733, 0.5126622121733976, 0.22295754483146235, -2.034653464429127, -2.2336376986519575, 0.10874400078388423]
5	[0.011730727727477993, 0.5126442603534815, 0.2229479450000355, -2.0348659368522526, -2.233547100414098, 0.10870232952673677]
5	[0.011843605390708004, 0.5126661651395998, 0.22297656929623336, -2.0349283249728565, -2.233438299516462, 0.10857376088017724]
5	[0.011977903005140178, 0.512655335051834, 0.222961036190784, -2.0350853030159084, -2.233309038439708, 0.10858116899413398]
5	[0.012129159512366865, 0.5126802848257274, 0.22299437714898876, -2.035169305143491, -2.233171274857548, 0.108424298072122]
5	[0.012304139989010882, 0.512666967029285, 0.22299689788140745, -2.0353250935471103, -2.2329901924152162, 0.10838189811560732]
5	[0.01252097618366223, 0.5126728807946567, 0.22299738318824386, -2.0356575458218393, -2.232709514149906, 0.10831434586961973]
5	[0.012759438074242398, 0.5126786636468862, 0.2230237865398379, -2.035840757731334, -2.232463805047342, 0.10811506392966613]
5	[0.01302991429012848, 0.5126691138190621, 0.22301436351249188, -2.0362996433548983, -2.232040045382724, 0.10812271863967814]
5	[0.013313149488488834, 0.512650463600831, 0.22299333933364313, -2.036761345028976, -2.2315695679515057, 0.10810716796741565]
5	[0.013661774703341985, 0.5126621847589303, 0.22302533586460146, -2.037305719609637, -2.231037604552268, 0.10793520833916097]
5	[0.014019236906613403, 0.5126557228601063, 0.22303579697436082, -2.03799228304286, -2.230365920882293, 0.10783414072076077]
5	[0.014442616876322383, 0.5126507686819333, 0.22304217665368586, -2.038858823342503, -2.2294629305574007, 0.107696601322339]
5	[0.014925103759119318, 0.5126507319664255, 0.22305261611693597, -2.039833076367518, -2.2285679682042456, 0.10756932236880529]
5	[0.015416374544716718, 0.5126442089058519, 0.2230674977280253, -2.0408955774846254, -2.2274801932786077, 0.10742308060673872]
5	[0.01593417720601322, 0.5126403351624677, 0.22306148686941002, -2.0419953958810733, -2.2264525265530115, 0.10730147515759818]
5	[0.01654099600526015, 0.5126208215834848, 0.22309384644067892, -2.043209481922959, -2.2252134272955857, 0.10708602974299722]
5	[0.017217032166883237, 0.5126092351081217, 0.22309376213201976, -2.0446670332891728, -2.2238536978675016, 0.10697096182857638]
5	[0.017913005330325082, 0.5126053452327022, 0.22312331836135035, -2.0460757637356557, -2.2224606434859866, 0.10668882380793752]
5	[0.018662642966345948, 0.512610777063312, 0.22316198620043423, -2.047675965252519, -2.220950040638216, 0.10637496411200857]
5	[0.019499024708642714, 0.512599540863655, 0.22318522543577046, -2.0494038672957426, -2.2192464217342938, 0.10616440467818096]
5	[0.020373194635102836, 0.512595678328858, 0.22321288285235902, -2.051197176714754, -2.2174469777291685, 0.10586708380979028]
5	[0.021282279951314, 0.5125968873454922, 0.22327036981342943, -2.0530423584101394, -2.21557220404339, 0.10549589333237301]
5	[0.022304317875062395, 0.5125896445560013, 0.22328700528229553, -2.0552005254494166, -2.213543411811827, 0.10517367062057578]
5	[0.02335708844345909, 0.5125832577808075, 0.22335423958338735, -2.057383275350455, -2.2113430970921146, 0.10474250171999204]
5	[0.024453549817994583, 0.5125632764995882, 0.22341064235442548, -2.0595503753608684, -2.2091507987327748, 0.10436296705656996]
5	[0.025633336698782434, 0.5125504165275515, 0.22343004517994608, -2.062000788399813, -2.2067772428930748, 0.10403239912121916]
5	[0.026865058018839556, 0.5125298678689346, 0.22350035753306977, -2.064511573242304, -2.2043021321535083, 0.1034790014427238]
5	[0.028149475728626958, 0.5124966227947129, 0.2235551303333418, -2.067194610942256, -2.2015889284540235, 0.10308556663025543]
5	[0.02951788647377802, 0.5124894017609061, 0.22363013428279926, -2.069925751129542, -2.1988447471510377, 0.10250147543372574]
5	[0.030948687379125157, 0.5124649317012347, 0.22370033506595804, -2.07282162983447, -2.1959317343679476, 0.10194828339974044]
5	[0.032420081469946474, 0.5124156172911106, 0.22374195268164898, -2.075756731667997, -2.1929702621759555, 0.10149064514274715]
5	[0.03394614154145689, 0.5123864713617554, 0.22381567196599594, -2.0788246416977443, -2.189819759120866, 0.10086834867332731]
5	[0.03552166124683768, 0.5123539984020073, 0.22392197675041403, -2.0819152142384625, -2.1866048915258283, 0.10014569760024576]
5	[0.03715885539577532, 0.5123262491183336, 0.22401623891955755, -2.085055033256969, -2.1832697572165753, 0.099392922008732]
5	[0.038819776353253, 0.5122863267556304, 0.22412036696295845, -2.0882074415857237, -2.1800553685468618, 0.09853085144787113]
5	[0.040557013774680295, 0.5122260120807173, 0.22418453319512144, -2.091549889818722, -2.176530154382354, 0.09784220928759087]
5	[0.042325877591551195, 0.5121745339995223, 0.22429781963770049, -2.094807267423841, -2.173119934007306, 0.09696183286054408]
5	[0.044157332918085365, 0.5121391902053427, 0.22446169316769643, -2.098011279846358, -2.169597893614166, 0.09583811981159021]
5	[0.04598897513516851, 0.5120930951076151, 0.22457380504803612, -2.1013046493781746, -2.16602552273284, 0.09494929548584302]
5	[0.04788443607566044, 0.5120412781819822, 0.22472093644990127, -2.10454109979412, -2.162490007932682, 0.09382329662262197]
5	[0.04980892509319536, 0.5119880275100531, 0.22486489272948418, -2.1077812801152507, -2.158961209487384, 0.09269445668691159]
5	[0.05175269195036891, 0.5119406375013509, 0.2250115527493417, -2.1109028747358685, -2.1554503857221614, 0.0915139439159074]
5	[0.05371921165351412, 0.5119265859191039, 0.22526255945663207, -2.113922571195336, -2.151908690301061, 0.08995173333666558]
5	[0.05569919376789185, 0.511867073528461, 0.22542490129911308, -2.116893127042673, -2.14860045970031, 0.08859057226639687]
5	[0.0576835745190447, 0.5118587952305753, 0.22564770485391727, -2.1196428845433677, -2.145251412842187, 0.08705813559701725]
5	[0.05970224699032374, 0.5118683702652498, 0.2259261123628339, -2.1222662853234104, -2.1420351331883514, 0.08517346899999069]
5	[0.06172949997810405, 0.5118782627416002, 0.22622924602992336, -2.1247331506327884, -2.1389486325014824, 0.08316025988239908]
5	[0.0637875398820694, 0.5119573444722954, 0.22661909968009325, -2.1269063475078975, -2.1359448458726584, 0.08072091487841462]
5	[0.06580822888269519, 0.5120442128879833, 0.22701588227512542, -2.1289052418999534, -2.1331034714047945, 0.07823781138848208]
5	[0.06785269265437255, 0.5121389713783642, 0.2274338898976879, -2.1307193077710935, -2.1303924443310858, 0.0754637436507895]
5	[0.0699179593203311, 0.5123177042384714, 0.22794251451132375, -2.132208470215653, -2.127822019253751, 0.07220656158827947]
5	[0.0719712391868943, 0.5125175808224378, 0.2285047815919794, -2.133494944319563, -2.125418987865142, 0.06858715679236231]
5	[0.0740450718535758, 0.5127893287250004, 0.22915723043364133, -2.1344433908496963, -2.1231412209449223, 0.06448853745825722]
5	[0.07612828766778665, 0.5130910297378781, 0.22985130840142282, -2.135142150912714, -2.121062054725905, 0.06007268288258644]
5	[0.07816050036137658, 0.5134301827428738, 0.23061245510454664, -2.1354256828046405, -2.119311886633208, 0.055276119543160335]
5	[0.0802460589097703, 0.5138571326446854, 0.23147697856280874, -2.13537954376571, -2.1176338232567335, 0.04989077313170169]
5	[0.08229273689314635, 0.5143189808306162, 0.23241007713356115, -2.1350508219300233, -2.1161973104113443, 0.04414406414695961]
5	[0.08437474531324875, 0.5148200139962519, 0.23341278393855747, -2.134523064297687, -2.115025635123317, 0.03796545915860428]
5	[0.08642689329841687, 0.5153808659436224, 0.2344496953902515, -2.1336328395592394, -2.1139133745821357, 0.03156095657547349]
5	[0.08848625762092613, 0.5159889191345511, 0.23558901265115895, -2.1323709796871113, -2.113109311296721, 0.024758118296388243]
5	[0.09049861523799449, 0.5166321555134408, 0.23677168592848455, -2.1306836568554686, -2.1128195186618877, 0.017583149226650222]
5	[0.09251350212473951, 0.5173083558700348, 0.23802362659306786, -2.128699853077801, -2.1125933084983664, 0.010213748807836613]
5	[0.09450342786776515, 0.5180287015741663, 0.23932649765632708, -2.1262658972272743, -2.112794856883445, 0.00245608979314075]
5	[0.09648893454942059, 0.5187977477854411, 0.24071141547101296, -2.123464393299107, -2.1132113202702247, -0.005755625090759402]
5	[0.09845264414868256, 0.5196084868337296, 0.2421259857100216, -2.1202619650545014, -2.1140716092318756, -0.014368937057786956]
5	[0.10039153711541342, 0.520472841691446, 0.24361732197491603, -2.116517137278674, -2.115157361965506, -0.02334012710315448]
5	[0.10231588143253116, 0.5214038209039928, 0.24520173312986746, -2.1123777568193813, -2.1165887721622982, -0.032929282877285915]
5	[0.10427004407199264, 0.5223809995277935, 0.24687234795323498, -2.1079539254427417, -2.1181719232047906, -0.04301358054782032]
5	[0.10614837430096892, 0.5234177424888498, 0.24856320977513316, -2.103068006585657, -2.1202245687188865, -0.053394011390244744]
5	[0.10805076364454777, 0.5245008247519539, 0.250295851420894, -2.097872211287828, -2.122312610517424, -0.06408388830265756]
5	[0.10987905189933754, 0.5255834644334884, 0.2520646811625909, -2.0923821915067666, -2.124797773142135, -0.07481497801745124]
5	[0.11175159689394713, 0.5267092674026479, 0.2538589295773124, -2.0866141008637915, -2.127619763648698, -0.08567304346620933]
5	[0.11353036851410318, 0.5278282702434455, 0.25563935803281984, -2.0805311969009863, -2.1306827353342324, -0.09653699879422407]
5	[0.11531726473964653, 0.5289799646045997, 0.25743478636775197, -2.0742617410626094, -2.1339247963810726, -0.10756669913114779]
5	[0.11702452729141301, 0.5301360332303013, 0.25915816695906496, -2.0677579431825297, -2.137409842214163, -0.11838992201455707]
5	[0.11870271901786807, 0.5313313415532007, 0.26087967545007384, -2.0610174620486648, -2.141106522633675, -0.12928258039907226]
5	[0.12042035061054325, 0.5325417480719161, 0.2625823937567595, -2.054240410231809, -2.1447823928393266, -0.14022269100298393]
5	[0.12207083854354847, 0.5337889803444203, 0.26424896879574283, -2.047309446617986, -2.148798683207433, -0.1510746049952209]
5	[0.1236633594265147, 0.5350270852490885, 0.26580285307505314, -2.0402275130403282, -2.153100437537587, -0.16113846215279368]
5	[0.125214850082296, 0.5362565784285462, 0.2672946918894168, -2.033061066758266, -2.157557942200824, -0.17096031959150196]
5	[0.12673685842530025, 0.5374984090190913, 0.2687065903125547, -2.025897215188969, -2.162210911616981, -0.18026035349135258]
5	[0.12818840075933408, 0.5387199333406529, 0.270011809681696, -2.018784359415207, -2.1669708489521553, -0.18901348482518374]
5	[0.12961445950464412, 0.539925964460459, 0.2711725747863723, -2.011798008328589, -2.1716997750675273, -0.19718300783533732]
5	[0.13097355401388022, 0.5411452649007885, 0.2721932236147208, -2.0047478340957343, -2.176759082645137, -0.2045801314474336]
5	[0.13230117424994398, 0.5424095021197981, 0.2731635498826529, -1.9978092991672616, -2.1818730867226557, -0.2115915703987487]
5	[0.13359587863037284, 0.5436513037921655, 0.2739657378662597, -1.99098005212325, -2.1870896991483826, -0.21776319561266733]
5	[0.13480205318102678, 0.5449263269067524, 0.2746099848669365, -1.984189761320711, -2.192482215528854, -0.2231804538066992]
5	[0.13599234029143714, 0.5461937410230692, 0.2750750929650297, -1.977632397108867, -2.19789825807178, -0.2277641437753438]
5	[0.13710517151930948, 0.5474404707422744, 0.2753485759309967, -1.9712538753644595, -2.2033702207803687, -0.2314501850846874]
5	[0.138220363908392, 0.548693564705412, 0.27544221026673543, -1.9652014877430037, -2.208811374190927, -0.2342786229282929]
5	[0.1392407020400739, 0.5499408509516548, 0.27539966360680407, -1.959289228016121, -2.2142815463949677, -0.2362472293299078]
5	[0.14023112549376068, 0.5511895572760346, 0.2751392562235019, -1.9535904835923268, -2.219873835954602, -0.23727736371177888]
5	[0.1411969130612994, 0.5524677272366499, 0.27475027546157194, -1.9481373905690522, -2.2252792338807965, -0.23782025125462888]
5	[0.14215135180138622, 0.5538067501082413, 0.2742488017368301, -1.9426147184960005, -2.230771149286545, -0.23805023802602898]
5	[0.14305406341197868, 0.5551440692439633, 0.2735482559421888, -1.9374224819397448, -2.2361424863359227, -0.23777354236954903]
5	[0.14391324777199138, 0.5565053670247034, 0.2726989489593069, -1.9322670669509459, -2.2414822763840534, -0.23713869901600343]
5	[0.1447459680572844, 0.5578780683808431, 0.27163975754298114, -1.9273156545667747, -2.2466994344961546, -0.2360445513308831]
5	[0.14557545696736823, 0.5592810368116575, 0.2704621741643697, -1.922514433871179, -2.25170975158182, -0.23473198972103929]
5	[0.14636974020171623, 0.5606841593010924, 0.2691814789127889, -1.9179745887847428, -2.256600586512599, -0.23320914735644127]
5	[0.14713140782398218, 0.5620768653347001, 0.2677358100709814, -1.913549055437056, -2.2614631062286166, -0.2310999826620075]
5	[0.1479078389060659, 0.5635212159469696, 0.26623641757133876, -1.9093071285602363, -2.266175764130196, -0.22887924131703236]
5	[0.14870423812127326, 0.5650300012477933, 0.2646385408618853, -1.905101715476058, -2.270707549395134, -0.2266237234391274]
5	[0.14956649335720515, 0.5665435267912224, 0.2629606835540596, -1.9013166460902684, -2.2748897871474374, -0.2241807914482252]
5	[0.1504365357383661, 0.5680358869619904, 0.26116444738138456, -1.8978908034546, -2.2788960918545995, -0.2212687000250206]
5	[0.1512809845931341, 0.5695684611646044, 0.2593866372077517, -1.894747243956215, -2.282652703337841, -0.218429687661311]
5	[0.15211967143667737, 0.5710845901500896, 0.25752299378895005, -1.8917494738368699, -2.286229259764601, -0.21548226762904635]
5	[0.15298878169563965, 0.57261614906278, 0.25557665315902456, -1.8892362473547422, -2.2893681748324854, -0.21236254473527374]
5	[0.1538426483650953, 0.5741883461644817, 0.2536283006828409, -1.8868793461593547, -2.292283850737414, -0.20946371698109892]
5	[0.1547521673012687, 0.5758042188807004, 0.2517199927669572, -1.8849338845394588, -2.2947989993399833, -0.20656718869866073]
5	[0.15568670487488548, 0.5774506752232831, 0.249854656362383, -1.8833595974288286, -2.2969237228348227, -0.20381851690062663]
5	[0.1566025726815549, 0.5791295551372933, 0.24797567690927008, -1.8821846251318708, -2.2987349474352796, -0.20095659962629414]
5	[0.15752701501931238, 0.5808687390776509, 0.24614020362366332, -1.881205608121994, -2.300170402035577, -0.1984051781316455]
5	[0.15851688383207416, 0.582644617160311, 0.24445353959600252, -1.8806175980485014, -2.301085888778147, -0.19658612926999774]
5	[0.15951289173027897, 0.5844549034726746, 0.24286926056749186, -1.8803998598135545, -2.3015356222604155, -0.19499704469053775]
5	[0.16051086490936017, 0.5862649386799121, 0.24128382792906677, -1.880491112992136, -2.3017338862884253, -0.1934815476020891]
5	[0.16147562624901288, 0.5881051768326212, 0.23964504152782223, -1.880823598780043, -2.3017868103719685, -0.19172514180129444]
5	[0.16240376513027371, 0.5900438201570177, 0.2381603693466758, -1.8807116078668213, -2.301911146015759, -0.19063951188407802]
5	[0.16341394499357137, 0.5920883020148571, 0.23696817253487842, -1.8803442442828049, -2.301851309750731, -0.1905916114416539]
5	[0.16445320042905207, 0.5941322222300047, 0.23588965783287624, -1.8799658080035895, -2.3016746471865535, -0.19090646720764443]
5	[0.1654086963976694, 0.5961577368337128, 0.23486427872502472, -1.8793484499730657, -2.301558993025347, -0.19129288442439144]
5	[0.1663035573771864, 0.5982151587859662, 0.23381961473940202, -1.8784697553643839, -2.30136202401052, -0.19173776458622907]
5	[0.16716995149704816, 0.6003701574729082, 0.2330277788075614, -1.8773173101162084, -2.3010849877954165, -0.19286028605451103]
5	[0.16803004076019976, 0.602611713833432, 0.23241135959285272, -1.8759043044804247, -2.300776374195829, -0.1945464635119916]
5	[0.1689144766737713, 0.604871615713303, 0.23188279727201527, -1.8743203756427842, -2.300239672304769, -0.19659815523637653]
5	[0.16967472927576313, 0.6071104303704227, 0.23141745231623057, -1.8724588905150825, -2.2997280635069313, -0.19854005742996025]
5	[0.17031235757929103, 0.6093860526831593, 0.23106403343858176, -1.8702559928523679, -2.2991955225238576, -0.20075563285608933]
5	[0.1709274791171881, 0.6117100621040323, 0.23080598017211545, -1.867798010099401, -2.298585174280714, -0.2031539000605796]
5	[0.17152459858222235, 0.6140795806163831, 0.2307921244816183, -1.865127990805135, -2.2978472612335366, -0.2061241170801236]
5	[0.1720803031821422, 0.6164438805477102, 0.23079373811690973, -1.862326352952594, -2.296980291299399, -0.20903421796935534]
5	[0.17250527750008593, 0.6188697615775021, 0.23079911347404064, -1.8591207081317016, -2.296172958261059, -0.21186137018148982]
5	[0.17279596005097916, 0.6212605648440562, 0.2308991243093616, -1.8556239253167655, -2.295465100086944, -0.21480955973473265]
5	[0.1730301591869865, 0.6237046152167696, 0.23112112813064195, -1.8520343505437884, -2.2947705310206112, -0.21776376013139914]
5	[0.17323118990269665, 0.6262147200789012, 0.23153119786672816, -1.8480959844753042, -2.294039616463724, -0.22117846611366548]
5	[0.17329245427862602, 0.6286581887610553, 0.23189130172530126, -1.8440652951426426, -2.293349068401849, -0.22421653380070675]
5	[0.1731715798508251, 0.631065697275877, 0.23222578446684367, -1.8397151475897673, -2.29278323350205, -0.2268136044769821]
5	[0.17294590469143808, 0.6335310051344545, 0.23267829349265956, -1.835092109742509, -2.292205819839154, -0.22961664811562077]
5	[0.17266331755394346, 0.6360516183342209, 0.23320175533795215, -1.8302149691006844, -2.2916886006897412, -0.23249941297594637]
5	[0.17224040346099095, 0.6385503371246953, 0.23374003620445047, -1.825016154742925, -2.291026809631642, -0.23538392640349307]
5	[0.1717072728883655, 0.6410344724963751, 0.2343033061162363, -1.819469004690777, -2.290318365965351, -0.23818513175931927]
5	[0.17092914287550692, 0.6434958421130635, 0.23487104793414487, -1.813518930959388, -2.2897385942905215, -0.24063862554968676]
5	[0.17005958089292295, 0.6460023717441997, 0.2355245194046374, -1.8073472489974851, -2.2891690486100464, -0.24313762791515825]
5	[0.1691236405703944, 0.6485195384553976, 0.2361953330557477, -1.8009489945929542, -2.288579190213321, -0.2455686629624263]
5	[0.1680524610819101, 0.6510106802506355, 0.23683695619380174, -1.794240951072826, -2.287854465232399, -0.24795059486927945]
5	[0.16679471702376722, 0.6534805810498866, 0.23741404345622463, -1.7872639626585025, -2.2874208548991515, -0.2500733660086041]
5	[0.16542520900482677, 0.655908633791182, 0.23801938868244535, -1.7801153237332472, -2.2869663807229146, -0.25205460874630387]
5	[0.16393147474106176, 0.6583274495688517, 0.2386117544719795, -1.7729122773307184, -2.2866527965319015, -0.2537008838522349]
5	[0.16239684981943966, 0.6607478666069242, 0.23915934379775594, -1.765504672573665, -2.2862067275550597, -0.2551026481453202]
5	[0.16074373260766261, 0.663119786524855, 0.23962979647440052, -1.7579501072911958, -2.285687805015976, -0.2563199865793283]
5	[0.1588926577164789, 0.6654764416988179, 0.24011447929773128, -1.7501141488116103, -2.2854256796922856, -0.25749091362997156]
5	[0.1569348714230743, 0.6677840315008887, 0.24063158148447417, -1.7422043470692261, -2.2852581476932636, -0.25862782518662647]
5	[0.1549830720208727, 0.670035817841837, 0.24114169071130018, -1.7343506131053976, -2.2851217474944745, -0.2595862034837483]
5	[0.15288751075035778, 0.6722743104555146, 0.2416151239715873, -1.7263817370546635, -2.2850604126237046, -0.26021969990744925]
5	[0.15076006146694929, 0.6744993436006455, 0.24200908522628073, -1.7184548549372574, -2.2850005695357707, -0.26079984433755166]
5	[0.14849007227909905, 0.6766817992247071, 0.24237032204000042, -1.7103691663846354, -2.2851809053009835, -0.2613234971813539]
5	[0.1461723490740059, 0.6788085214509272, 0.24270458134790857, -1.702312285523244, -2.285398281379255, -0.26171981447539255]
5	[0.14384287748984895, 0.6808654696956037, 0.2430210497998533, -1.6944546973146255, -2.2856092833092236, -0.2618879742599099]
5	[0.1414334303486217, 0.6828402118962333, 0.24320707996477575, -1.6865269975833654, -2.2858738605861264, -0.26150434954677415]
5	[0.13895607985964845, 0.6848000078471121, 0.24336437839633823, -1.6787715605475584, -2.2862875116131405, -0.2610925480297359]
5	[0.13644034858477044, 0.6867640680384007, 0.24347257810717804, -1.6709425845375334, -2.2869114781207904, -0.2608138348137948]
5	[0.1339209640963796, 0.6886233234894491, 0.24361847417055504, -1.6634337601113942, -2.2876202767221714, -0.2605990190756796]
5	[0.13140936692830466, 0.6904329267308461, 0.24374117392679903, -1.6560424186500733, -2.288427313607318, -0.2602416249519261]
5	[0.12887620026664057, 0.692157366957295, 0.24377868451030127, -1.6488179829309104, -2.289354488045491, -0.25971181632605667]
5	[0.1262489161813438, 0.693806078498953, 0.24378277132591522, -1.641675313359342, -2.2904475198009897, -0.2591196948666338]
5	[0.12360153593824648, 0.6953765959448355, 0.24370404955847602, -1.6348515832613095, -2.2918037159245905, -0.2583070784567186]
5	[0.12097489664417395, 0.6968814069166201, 0.24360454761627345, -1.6281370782837745, -2.293182002191509, -0.25742607663580996]
5	[0.11840931440301444, 0.6983044329959176, 0.24350200193733995, -1.6217462961573563, -2.2945864458764214, -0.25661990305693716]
5	[0.115883025616386, 0.6996729157523406, 0.24338362834416113, -1.6156343609511061, -2.2960941758552273, -0.2557737214764534]
5	[0.11329580827233894, 0.7010114132051452, 0.24314845385004102, -1.6095557291544111, -2.2979339696537235, -0.25479808831803386]
5	[0.11072079417812301, 0.7022691799137253, 0.2429312882404261, -1.6038052808370769, -2.299847163272304, -0.2539523160363955]
5	[0.10821101877904696, 0.7034694064281505, 0.24269580627855342, -1.5983286764951419, -2.3019276047435, -0.25311171116803033]
5	[0.10576438471643951, 0.7045925291591881, 0.24249970473128013, -1.5930836426290629, -2.3040915613375392, -0.2524533317806136]
5	[0.10329482645006133, 0.7056268643510708, 0.2422173961417709, -1.588164433383414, -2.3064150722355574, -0.25157486803059137]
5	[0.10084280736681869, 0.7065774380939271, 0.2419027755582823, -1.5834963846827708, -2.3090531693169196, -0.2507862425018619]
5	[0.09841084613013112, 0.7074352791845999, 0.2415947940076783, -1.5790962667607722, -2.311801678574149, -0.2499892415930351]
5	[0.0960635831580596, 0.708216347742974, 0.24131490248001203, -1.5748727862279681, -2.314426504061001, -0.24924579457559698]
5	[0.09366833772298436, 0.7089013849597828, 0.2410389807572345, -1.5705953643016342, -2.3170192459383308, -0.2481788972083523]
5	[0.09130053322619465, 0.7095155313953846, 0.24076574766575326, -1.5665381798271867, -2.319575832280738, -0.24715718937676717]
5	[0.0888916328670732, 0.7100594957368425, 0.24044028967735295, -1.5624550964511845, -2.3222036021596546, -0.2459094738191249]
5	[0.08649982348603245, 0.7105089718053432, 0.24019831734954558, -1.5584519463371433, -2.3247298426523124, -0.24471352988027778]
5	[0.08418084455820923, 0.710873800525302, 0.23996891775032142, -1.5545478834473105, -2.3271606104413327, -0.2434894069133695]
5	[0.08184217615866932, 0.7111708492832691, 0.2397773599624261, -1.5506548326733378, -2.329635762572579, -0.24232066994139612]
5	[0.07948718028197177, 0.7114003630763028, 0.23960606985148297, -1.546960751783063, -2.3320531153756234, -0.2410239058048655]
5	[0.07714641489059916, 0.7116213228602728, 0.2395253132410186, -1.5430961440817514, -2.334490476908129, -0.23983598405579837]
5	[0.07482276846720615, 0.7118253376183905, 0.23947119316219556, -1.539345106618122, -2.336818916102982, -0.23852953938390128]
5	[0.07255377419245787, 0.7120190489159824, 0.23947959173598354, -1.535576409438601, -2.339159137004911, -0.23745402640037547]
5	[0.070252789296813, 0.712217976730972, 0.23952241904103555, -1.5318376877231037, -2.341474033420874, -0.2363174676230586]
5	[0.06795570063138953, 0.7124231821386794, 0.23959927870863934, -1.528040397131694, -2.343766111854994, -0.23530828170876167]
5	[0.06567913835789504, 0.7125935495400296, 0.23965211296520067, -1.5243199694991325, -2.346075192110016, -0.23423136511593745]
5	[0.06340800757692448, 0.7127887682811014, 0.23975106359564263, -1.5204837275399568, -2.3483258660825825, -0.23340962303991383]
5	[0.06113090902456824, 0.712955883309377, 0.23978295365340102, -1.5167285757419382, -2.3505623634356847, -0.23243182334439266]
5	[0.05885054444496812, 0.7131155876687648, 0.23977446676226588, -1.5129776247049218, -2.352837420291656, -0.2313154391214427]
5	[0.05649828634072314, 0.7132810733123695, 0.23980925747911186, -1.5090796598338743, -2.3551651101984787, -0.23034267395205604]
5	[0.05416273697239472, 0.7134641087182486, 0.23979039913771022, -1.505243596728279, -2.357446850518228, -0.2293092997239502]
5	[0.05184521202513147, 0.7136277794066428, 0.2397743266599427, -1.5013331803476377, -2.3597508994858165, -0.22829319251161118]
5	[0.04952397044596683, 0.7137846309617549, 0.23974900687473352, -1.4975093296295687, -2.362061859948477, -0.22722328557395635]
5	[0.047173575500003354, 0.7139070011168163, 0.2396944974864082, -1.4936870601788994, -2.364361726125663, -0.22604865862989307]
5	[0.04480859030373193, 0.7140495844493234, 0.23965585192346053, -1.4897307341155432, -2.3667520636193653, -0.2249034962167662]
5	[0.04248410784865396, 0.7141702722390215, 0.23961769822950066, -1.48594296048504, -2.3689860103395888, -0.22369653883023563]
5	[0.04010519949960463, 0.7142752287971764, 0.2395491965504032, -1.482115316916283, -2.3714062425397238, -0.22228577292947518]
5	[0.03768668607296648, 0.714382772243328, 0.23952516546590952, -1.4782159859856623, -2.373695390055868, -0.22088342956371007]
5	[0.035257520465665965, 0.7144788197238492, 0.23949431282657146, -1.4742720422159816, -2.37612775772448, -0.21949189928357646]
5	[0.032834338976491455, 0.7145482659941004, 0.2394121699474655, -1.4704719947973925, -2.3784655993107453, -0.2178501455849726]
5	[0.030411945657318223, 0.7146229272096792, 0.23933274670881682, -1.4666321343702597, -2.380924253823888, -0.21619292048857688]
5	[0.02795012591774373, 0.7146751733963833, 0.23923590696881866, -1.4628476897260114, -2.3832985048517092, -0.21430385604034052]
5	[0.02545829026086254, 0.7147087809071283, 0.23911992864406673, -1.459096171439108, -2.3857141422463664, -0.21235564417549282]
5	[0.022965097938613382, 0.7147409072844809, 0.2390154981478716, -1.455338288939148, -2.3882257583565294, -0.21031342244267653]
5	[0.020455044755278595, 0.7147561767272856, 0.23890649891129098, -1.4515569603136798, -2.3906129715635918, -0.2081620594363997]
5	[0.017953529806488955, 0.7147411063370286, 0.23876074807862818, -1.4479563030902534, -2.3931005097302265, -0.20588715451569253]
5	[0.015369149742574341, 0.7147349470311943, 0.23866195547144758, -1.4440862111715644, -2.395580355945643, -0.20359195628920163]
5	[0.012852201993876475, 0.7147050740477011, 0.23855052370499122, -1.4405115758738087, -2.3980368723274266, -0.2012646200363397]
5	[0.010316401193093721, 0.7146706386659697, 0.2383969449854313, -1.4369251290679488, -2.400488038104048, -0.19881633500844295]
5	[0.00781600060969673, 0.7146016897062363, 0.23823001810912903, -1.4334875025022593, -2.40288933532817, -0.19621105083168897]
5	[0.0053429279570090145, 0.714563963766929, 0.23808255937875167, -1.4299897398993877, -2.4053070828567553, -0.19368954340044187]
5	[0.0028055367991286495, 0.7144824525458164, 0.23796369156081837, -1.4265196167095775, -2.4077236165075413, -0.19112554266533152]
5	[0.00035314056102023553, 0.714394601625784, 0.23782015668032452, -1.4231599257836365, -2.410076692394259, -0.18848575605298157]
5	[-0.0021018478292185484, 0.7143055526445992, 0.23761053851230374, -1.4198084961507174, -2.41244371149844, -0.18565794664854204]
5	[-0.004509319617593235, 0.7142027690065427, 0.23747065046520754, -1.416585232499, -2.4147529131768195, -0.18299425720039006]
5	[-0.006873978369958882, 0.7140761431012855, 0.2372742490708148, -1.4134502691570825, -2.417085233669278, -0.18018781965491956]
5	[-0.00914825715676228, 0.7139507336198601, 0.23709185621858395, -1.4105370022625654, -2.4192420883753845, -0.1774423168918594]
5	[-0.011434462421303335, 0.713815913044652, 0.23690683407816515, -1.4076049624199072, -2.421380383549544, -0.17468330616030284]
5	[-0.013638312568977976, 0.7136822692967699, 0.23675344417883165, -1.4047455249937577, -2.4235112451687804, -0.17201498861614006]
5	[-0.015792529788784974, 0.7135331355845299, 0.2365843455113863, -1.4021175842486255, -2.4254871107427665, -0.16937983811518603]
5	[-0.0178807213472342, 0.7134022509284839, 0.23645460906019844, -1.399608120653592, -2.427373979481055, -0.16678635955914567]
5	[-0.019846421054624662, 0.7132487046553602, 0.2362819082279745, -1.3973659946851367, -2.429195777399447, -0.16412939824014985]
5	[-0.021735060765246384, 0.7130859244101111, 0.23611903296698816, -1.3953097658451044, -2.4308155299435303, -0.16150825785042933]
5	[-0.02347456032283417, 0.7129335949291123, 0.23593532159651245, -1.3935214478093172, -2.432346233021882, -0.15891139534901308]
5	[-0.025067464550346873, 0.7127841081972547, 0.23578463798530547, -1.3920921587398907, -2.4336572255181412, -0.15643793752690874]
5	[-0.02657649727975007, 0.7126336000296005, 0.23559447209544268, -1.3908196863381832, -2.4349426226087347, -0.15387910886529216]
5	[-0.027977049648478646, 0.712479853090037, 0.23542696214063305, -1.3897915967236463, -2.436073576342803, -0.15140623003689532]
5	[-0.029237252328848277, 0.7123389886849384, 0.23527652018421702, -1.3889410950498842, -2.4370223755630507, -0.14903377207931753]
5	[-0.030375166377691616, 0.7121963999028353, 0.23512841740090457, -1.3883786730793235, -2.4378352829128453, -0.14675439533690682]
5	[-0.031376463249718343, 0.7120665362435052, 0.2349657409576283, -1.3880379854308191, -2.438513527023195, -0.1445331351023603]
5	[-0.032284289921316114, 0.7119392021172628, 0.23482222398221136, -1.3879289880187151, -2.4390784754011032, -0.14253535814557639]
5	[-0.033065152537014246, 0.7118215804570376, 0.2346678451993796, -1.388020297448372, -2.4394788487801033, -0.14062304552616053]
5	[-0.033689759877377295, 0.711716473265215, 0.2345431083419105, -1.3883550934823, -2.439649326721001, -0.13883811853609387]
5	[-0.034226771817012815, 0.7116310476318074, 0.2344741902876384, -1.3887230295006636, -2.439727415024052, -0.13736247748558433]
5	[-0.03464569185280215, 0.7115607167185501, 0.234392271216685, -1.3893909760824112, -2.4396518554682576, -0.13607752150417088]
5	[-0.03493718028426257, 0.7114909976940477, 0.23429170999001772, -1.390263605799649, -2.439455360886772, -0.134831870765105]
5	[-0.035135139961144216, 0.7114381899557723, 0.23424064925712795, -1.391180898730799, -2.439121959807674, -0.1338785924877957]
5	[-0.0352400052318642, 0.7114011504846472, 0.2341787338384557, -1.392189820796625, -2.4386750110193094, -0.1331100951284913]
5	[-0.0352809000811442, 0.7113828452368558, 0.23418137652890406, -1.3931974205309516, -2.4381720330294736, -0.13267213781265436]
5	[-0.0352267640070253, 0.711387495260635, 0.23416534385814466, -1.3943251539539336, -2.437531449245051, -0.13242992978800783]
5	[-0.0351596330961625, 0.7114081734538077, 0.23416511269523888, -1.3954087627032299, -2.436902846147682, -0.1322903574322649]
5	[-0.035061817054937605, 0.7114110088819953, 0.23417146056641427, -1.3966172720601628, -2.436201533231425, -0.13218470757074322]
5	[-0.03499138254264593, 0.7113919022873288, 0.23413393470763827, -1.3977039916975842, -2.435670771397053, -0.13194405833053544]
5	[-0.03491492497413534, 0.7114046746349086, 0.2341488293053268, -1.3987997963464385, -2.4350532928038673, -0.13191072889944783]
5	[-0.03489343377515146, 0.7114130189000619, 0.23416103115592218, -1.3996659588895637, -2.4345603435839362, -0.13178937970055893]
5	[-0.034820439240439136, 0.7114170449776496, 0.23417140404364017, -1.4006799816013114, -2.4339136478323784, -0.13165457973592148]
5	[-0.034856379946505416, 0.7114145890444559, 0.23417032425027606, -1.4014235220172468, -2.433448547527615, -0.13146150300775467]
5	[-0.034860345743831934, 0.7114153005055881, 0.23415242482393075, -1.40229176441522, -2.432979467236203, -0.1312865268417225]
5	[-0.03487029536684662, 0.7114149848191154, 0.2341721817882087, -1.4030708606600806, -2.4324838720526727, -0.13113483167423762]
5	[-0.034897916142570665, 0.711405517082753, 0.23414898241321944, -1.4038147154788272, -2.432042898436805, -0.13092646339834965]
5	[-0.034906355790828875, 0.7114117753002782, 0.2341502493901755, -1.4045142285948762, -2.4315848522262558, -0.13081787508643297]
5	[-0.03492787671313324, 0.7114033796192326, 0.23413803843945857, -1.4052593275958978, -2.431110405072119, -0.13057801378111242]
5	[-0.034926731455272954, 0.7114032532664863, 0.23412810801201842, -1.405980258888484, -2.430692627458411, -0.1304149646111038]
5	[-0.03493224362090666, 0.7114042230086894, 0.23410090097389902, -1.40684797941968, -2.430208806693106, -0.13019455515164474]
5	[-0.03493094231860355, 0.7114113338354905, 0.2341321210745204, -1.4076387911842951, -2.429701376703866, -0.13009721379299283]
5	[-0.03489965898457771, 0.7114049188733446, 0.23413829140405534, -1.4085712747095236, -2.4291202432520986, -0.12992833761185044]
5	[-0.03491465387882381, 0.7114148990884037, 0.23412705555124608, -1.4095329697187984, -2.428521656469569, -0.12974235795826664]
5	[-0.034904729655421345, 0.7114168378052821, 0.23413916149009692, -1.4105890185476515, -2.427880447737378, -0.1295623166005712]
5	[-0.03489655851677215, 0.7114155398291168, 0.2341169719848843, -1.4117578981496848, -2.4271794067790835, -0.1292924196082395]
5	[-0.034907251390067326, 0.7114092959462964, 0.2341463575721633, -1.4130580981017085, -2.4263590459364948, -0.12903700518566893]
5	[-0.03487876913238607, 0.7114145250119238, 0.23412361337940418, -1.4144449601694218, -2.425537798985688, -0.12878111255591745]
5	[-0.03490990616661507, 0.7113948824649875, 0.23410304439616658, -1.415851977545481, -2.424657477530277, -0.12842624654419005]
5	[-0.03489604872765284, 0.7114055781171129, 0.23409072094544306, -1.4174201270351299, -2.4237386472048805, -0.12811628725827212]
5	[-0.03488559633354213, 0.7114104548773523, 0.23411725041929665, -1.4190736493619394, -2.4227063628909558, -0.12786034376186067]
5	[-0.03488316360419507, 0.7114238282318954, 0.23411984844090186, -1.420752400160668, -2.421648047212718, -0.12757303046937318]
5	[-0.03487486107114231, 0.7114167129633551, 0.23412675197249172, -1.4225611733838182, -2.4205335796158343, -0.12724302684753455]
5	[-0.034876497209388096, 0.7114143101731144, 0.2341035530884868, -1.424404591989053, -2.419397045556484, -0.1268105133826427]
5	[-0.034900381130311575, 0.7114086701053899, 0.23405745509496648, -1.4263641878574795, -2.4182568051797646, -0.12627394123965005]
5	[-0.034884624212459844, 0.7114030417246489, 0.2340757679606163, -1.4282323510365085, -2.417070214892199, -0.12597339191737816]
5	[-0.03485144405141838, 0.7114115966651506, 0.2341066949535396, -1.4301897933072996, -2.41579062517734, -0.12568037738173904]
5	[-0.03486628881838316, 0.7114095654747248, 0.23409498050864802, -1.4320418699359183, -2.41467256856408, -0.12527266085117422]
5	[-0.03489069519386162, 0.7113965382473519, 0.23406550570488655, -1.4339614838496113, -2.413528196450392, -0.12483946573531396]
5	[-0.03488503621253687, 0.7114071680280868, 0.2341119259681722, -1.4357885648477713, -2.412295778891459, -0.1245371501403284]
5	[-0.0349130131188872, 0.7114048195160089, 0.2341102374000017, -1.4376346692388657, -2.4111002525293035, -0.1241519521918875]
5	[-0.034886599342074304, 0.7114050506670404, 0.23408902911757212, -1.4396292713661945, -2.4098716368509576, -0.12374930657245459]
5	[-0.03488644302241821, 0.7114058971512881, 0.23408067400096744, -1.441438337181232, -2.4087362355279067, -0.12337393922886693]
5	[-0.034883124252624895, 0.7114113267099142, 0.23408947289928217, -1.4430810075844493, -2.407717821120056, -0.12307786894916171]
5	[-0.03487986330517448, 0.7114021717136875, 0.23409343181641018, -1.4446707450123268, -2.40668670456346, -0.12271225618913895]
5	[-0.03487856790220421, 0.7114028564269229, 0.23407509064655602, -1.4462924154835646, -2.4056897415862863, -0.12235274051270213]
5	[-0.034885299046075346, 0.7114057174235775, 0.23406093690466806, -1.447640965170128, -2.4048461816403788, -0.12208564602442834]
5	[-0.03489785577294213, 0.711408454579785, 0.23408589057362472, -1.4487235123641689, -2.404082910969164, -0.1218904640901402]
5	[-0.03487722375084236, 0.7113974826346948, 0.23407576997033225, -1.4498963737575195, -2.4034331470275854, -0.1216339381391276]
5	[-0.03487727515674205, 0.7114035712085527, 0.23406637629910643, -1.4506455384714407, -2.4029437663998916, -0.12147621188561758]
5	[-0.034904782630368836, 0.7113846140501061, 0.23406618652832528, -1.4512645709802339, -2.4025778104283977, -0.12129869135429956]
5	[-0.034878512634990644, 0.7114095570394074, 0.23409576875021215, -1.451564652363747, -2.4023037809256933, -0.1213489061114045]
5	[-0.03491321331374137, 0.7113972040755493, 0.23403920976428327, -1.4516581494945806, -2.402306396791412, -0.12118392536904926]
5	[-0.0348813507951264, 0.7113938747158609, 0.2340311750184877, -1.4516204126236507, -2.402339313939935, -0.12116196577028258]
5	[-0.034871085482783476, 0.71139589401142, 0.23402377376922806, -1.4516160577974877, -2.402355922506717, -0.12117662150674173]
5	[-0.03487949020609933, 0.7113913072361617, 0.23397790794104512, -1.4516689341248765, -2.4023754513229933, -0.12106574664901447]
5	[-0.034871861477286124, 0.711385219614544, 0.2339670104630872, -1.4516514369723164, -2.402399407382785, -0.12104580821431987]
5	[-0.034896955690232656, 0.7113811607151838, 0.2339428663108456, -1.4515898010318666, -2.402490275343909, -0.12094597903445496]
5	[-0.03488005223490735, 0.7113881457413768, 0.2339234537377865, -1.4516926260183547, -2.4024083250728117, -0.12094226508835829]
5	[-0.03487869407447252, 0.7113954380631835, 0.23389686825100006, -1.4516874448116013, -2.402441188310989, -0.12087034303043484]
5	[-0.03487482766886672, 0.711397562633213, 0.2338808068692272, -1.4516988584772292, -2.4024779761056547, -0.12087817103789011]
5	[-0.03487388092359643, 0.7113897118633203, 0.23382896057523483, -1.451721916232837, -2.4025369242125882, -0.1207722812987644]
1	[-0.034866604094323295, 0.711373925971645, 0.23381212281421518, -1.451783927966783, -2.4024639547207465, -0.12061915243918585]
1	[-0.03488130343099355, 0.7113745908964518, 0.2337957105040393, -1.4517197808920164, -2.4025393247656925, -0.12060959856038035]
1	[-0.03487961669066167, 0.7113711193576536, 0.2337905247992239, -1.4517660662937832, -2.4025405364352346, -0.12060385915797786]
1	[-0.034888525914637945, 0.7113809270112227, 0.23377745568609984, -1.4517518148641817, -2.402541467186102, -0.12053959772569299]
1	[-0.034914447040671454, 0.711377220676927, 0.23380280422081468, -1.451680367075506, -2.4025484289437182, -0.12062496339356028]
1	[-0.03490674260519286, 0.7113733513360772, 0.2337956277838526, -1.4516909420167228, -2.4025549623405293, -0.12059804286220359]
1	[-0.03491558715454847, 0.7113773392750528, 0.23377397604867306, -1.45163078463189, -2.402585204777007, -0.12058208174140815]
1	[-0.034915060043400906, 0.7113737740185748, 0.23377774422963077, -1.451703539221909, -2.4025634527110626, -0.12054666158523457]
1	[-0.03490922568619739, 0.7113789350704715, 0.23381486220429387, -1.4516600431731224, -2.4025063585602937, -0.12065388057347161]
1	[-0.034915497973864576, 0.7113648465253403, 0.2337726174612062, -1.4517104737723585, -2.402571931953858, -0.12055447304479175]
1	[-0.034894597151600634, 0.7113811190520702, 0.23379800501512502, -1.451685726051307, -2.4025782894244974, -0.1206371461586359]
1	[-0.03487841379031428, 0.7113777955070455, 0.23382023200441523, -1.4517386553392406, -2.402522745255874, -0.12069657688356286]
1	[-0.03490566036254231, 0.711379340678364, 0.23379588613622396, -1.4516813137803595, -2.4025487649440733, -0.12063040182395472]
1	[-0.03489077202719816, 0.7113688002604674, 0.2337868210892568, -1.451752127651037, -2.4025229502413765, -0.12058453539514226]
1	[-0.03488689086544198, 0.7113773148560009, 0.2337716269904975, -1.4517852658491506, -2.402533762196132, -0.12057845839024374]
1	[-0.03491978908776889, 0.7113746967711522, 0.23378931855703644, -1.4516918673365091, -2.4025850294639097, -0.12062663673825799]
1	[-0.03487825928674669, 0.7113846584433005, 0.2337831343755342, -1.4517835819473888, -2.4025113083896903, -0.12060698237955238]
1	[-0.03488285448891752, 0.7113724892072422, 0.23379230928020367, -1.4517270307811119, -2.402521473651073, -0.1206010704662502]
1	[-0.03489862475867733, 0.7113781281645626, 0.23379335755503772, -1.45164120225312, -2.402574527706615, -0.1206062349694738]
1	[-0.03488869974756677, 0.7113801726919705, 0.23379588613622396, -1.4517103587353986, -2.402532128726598, -0.12063604591794044]
1	[-0.034907180291641235, 0.7113644720897635, 0.2338003893179591, -1.4516737357007632, -2.4025666677377293, -0.12064069274776804]
1	[-0.034895753412951716, 0.711361815281251, 0.23375625710050046, -1.4518317331418142, -2.4025530003021527, -0.12052128260909324]
1	[-0.03489016336465885, 0.7113722296518986, 0.23378273512370512, -1.4516999359306728, -2.402544353209031, -0.12062405816732932]
1	[-0.034899257565166125, 0.7113683621477965, 0.23375771679556412, -1.4517232450978605, -2.4025583322005346, -0.12054007619591317]
1	[-0.03488975040180248, 0.7113678024797716, 0.23376565811346156, -1.451754041591137, -2.402547017424577, -0.12056276812505881]
1	[-0.03489556696454832, 0.71138850794095, 0.23380062668480597, -1.4517387289982973, -2.402513731704751, -0.12062341131324225]
1	[-0.034898531974579414, 0.7113724082075491, 0.2338031367753513, -1.4516623520675562, -2.402555784113693, -0.12065460399600499]
1	[-0.034905409725964044, 0.7113741230067019, 0.23380658113926897, -1.4517265130714325, -2.402527521487273, -0.12064404419858657]
1	[-0.03490356056164256, 0.7113715749692179, 0.2338022117333401, -1.451697914406114, -2.402570913760188, -0.12066681055796025]
1	[-0.03489976117396221, 0.7113782598582618, 0.23379371685350184, -1.451691208166245, -2.402529927624662, -0.12058809979661658]
1	[-0.03490064570516946, 0.7113734885949642, 0.23378579191243798, -1.4516909092099983, -2.4025298298067157, -0.12058867693858329]
1	[-0.034883596798302385, 0.7113686222716795, 0.2338053211578528, -1.4517171916162388, -2.402497824398185, -0.12067675404353036]
1	[-0.03489476314064145, 0.71138045347956, 0.23382591082582366, -1.4516909470245334, -2.402527384070593, -0.12075354718258768]
1	[-0.03490640475674872, 0.7113687095764577, 0.2337976771846036, -1.4516882710823584, -2.4025572175996097, -0.12063830615313346]
1	[-0.03490338982147949, 0.7113790647961356, 0.2337952916904103, -1.4517235447367143, -2.4025473282924166, -0.12063845921181825]
1	[-0.03487748660037314, 0.7113828978092936, 0.23381891527184076, -1.4517626940918422, -2.402501340799446, -0.12070684772869898]
1	[-0.034880696308780795, 0.7113781026022984, 0.2338111392724626, -1.4517201256229975, -2.4025033827051905, -0.12069769885579316]
1	[-0.03487857199755122, 0.7113897143308912, 0.23381088528254196, -1.4517442559569786, -2.402481983967694, -0.1207079184049653]
1	[-0.0349037083026601, 0.7113774824728645, 0.23381195469424051, -1.451685777896595, -2.4025418045182647, -0.12071895506932133]
1	[-0.03487351922250936, 0.711378950487894, 0.2338120298052942, -1.451766949971785, -2.402556207474967, -0.1207240043079389]
1	[-0.03488816955402609, 0.711357530570869, 0.23377754070635817, -1.4517477057900636, -2.402571622087463, -0.12063210153726887]
1	[-0.03488323607169473, 0.7113642530761203, 0.233807673959527, -1.4517390535690158, -2.4024968715549497, -0.12068000505068463]
1	[-0.03487151967087333, 0.7113677037827422, 0.23378341620945464, -1.4517201044627035, -2.4025649813527754, -0.12063305330577104]
1	[-0.03488782111787178, 0.7113850471080023, 0.23383307642533763, -1.4516828110289433, -2.4025142061568645, -0.12072939808608558]
1	[-0.034882966569156286, 0.7113784262735161, 0.23382162249008603, -1.451696671014849, -2.4024807246294704, -0.12071590076923672]
1	[-0.03489826782541962, 0.7113738287658232, 0.2338153492294486, -1.451729085970785, -2.4025075593110983, -0.12065558628233701]
1	[-0.034916843037977374, 0.7113641888380273, 0.23380080266304182, -1.4517089154352645, -2.4025300391822304, -0.12061954031902537]
1	[-0.0348807438086208, 0.7113842516483481, 0.23384077941949175, -1.4516760800819397, -2.4024884615254263, -0.12077315730216734]
1	[-0.034880802597003845, 0.7113775387272032, 0.23379083465207154, -1.4517576620334294, -2.402490788809504, -0.1206620928543871]
1	[-0.03487708547221917, 0.7113785404520276, 0.23383104701118873, -1.4517038672978178, -2.402540389707364, -0.1207559141891426]
1	[-0.034872757851176994, 0.7113736857673665, 0.23381296959555697, -1.451711344662851, -2.402515508317696, -0.1206916454842835]
1	[-0.03489321443656186, 0.7113683236583715, 0.23383472905376118, -1.4516819444914644, -2.402488880166852, -0.12071385805578484]
1	[-0.034891552448680044, 0.7113645281637894, 0.23381878852159102, -1.4516673141915482, -2.402559305760606, -0.12064525909839231]
1	[-0.03487991825789194, 0.7113824367745886, 0.23385708847257602, -1.4517021408201582, -2.402472777279607, -0.12080546840564192]
1	[-0.034882038777527075, 0.7113707101707333, 0.2338282008955635, -1.451719907770645, -2.4025031657571367, -0.12069873118239653]
1	[-0.03487935678931417, 0.7113788122037819, 0.23383168277986371, -1.451718084171815, -2.402505861805772, -0.12073664615563982]
1	[-0.034881003200131294, 0.7113764409772888, 0.2338276006540092, -1.451682798415223, -2.402515434022703, -0.12073417784808621]
1	[-0.03489940464907017, 0.7113740028203976, 0.23382525183677638, -1.4516705863244599, -2.402520332930312, -0.12068805999350231]
1	[-0.03489611006000738, 0.7113730874593274, 0.2338233697118301, -1.4516955147663428, -2.4025303745282307, -0.1207379636407116]
1	[-0.034895008304667297, 0.7113850870575444, 0.23385310662971054, -1.451680210171949, -2.4025166420876847, -0.12076141872798478]
1	[-0.03487982443408853, 0.7113762871452868, 0.23382739411376402, -1.4517182549329126, -2.402506021020776, -0.12073585017230042]
1	[-0.03489765376216143, 0.7113773715528621, 0.2338597590323005, -1.45170150119137, -2.4024715549538893, -0.12079355286464016]
1	[-0.03488721216008604, 0.7113817732085453, 0.23382753392788985, -1.4517080510655003, -2.402517057201161, -0.12071881536272723]
1	[-0.0348881428101636, 0.7113766963757665, 0.23383855942114587, -1.4517036069828508, -2.4025141684311104, -0.12073383929409248]
1	[-0.03488504920277674, 0.7113745988729286, 0.23382504506319282, -1.4517581744942833, -2.4025237976262277, -0.12073222809283832]
1	[-0.03487166312563197, 0.7113860860318035, 0.2338527708837909, -1.451715273148878, -2.402459085545361, -0.12078472407024636]
1	[-0.0348985720181719, 0.711384907015242, 0.23383367091428536, -1.451682528321143, -2.402488011396503, -0.1207072295305339]
1	[-0.03487424459563171, 0.711384678435153, 0.23387003375159238, -1.45169206973878, -2.4024365502657847, -0.12080224358729719]
1	[-0.034883584091188385, 0.7113749919008846, 0.233835319915832, -1.4517116283603535, -2.4024714734386765, -0.12071237691422362]
1	[-0.03488736980915019, 0.7113877598722852, 0.23386636290778892, -1.4516547640765687, -2.4024787155440057, -0.1208667435074101]
1	[-0.034878893174523154, 0.7113814045211039, 0.2338552238478202, -1.451714275370494, -2.4024844984452534, -0.12079629987780759]
1	[-0.03488555612340458, 0.7113848302615439, 0.23385181717906053, -1.4516784411450574, -2.4025188565789235, -0.12080504758601363]
1	[-0.034901178242879756, 0.7113847564042208, 0.23385293787783518, -1.4516230866045072, -2.4025593479654415, -0.12082834366146936]
1	[-0.03487873420357836, 0.7113761567059953, 0.23382708893808038, -1.4517396662690674, -2.4025046185410037, -0.12073945469006019]
1	[-0.034898800070846184, 0.7113710571649877, 0.2338105630959587, -1.4517192399603338, -2.402501321762585, -0.12068820713234009]
1	[-0.03488261292104644, 0.7113676113772585, 0.23383261506952815, -1.4517015922467937, -2.402508738198747, -0.12071737929853288]
1	[-0.034878201849980014, 0.7113850833855103, 0.23386137878306362, -1.4517334859856903, -2.4024786938141363, -0.12077680038320643]
1	[-0.03491326853359247, 0.7113838538084318, 0.23385245296887985, -1.4516632074183744, -2.4025002944931546, -0.12077448874969195]
1	[-0.03487697972658257, 0.711391960721991, 0.2338823127717399, -1.451686942857059, -2.402466747333657, -0.12088878768768804]
1	[-0.03488437503234941, 0.7113846889785774, 0.23385148658943344, -1.4517139662105336, -2.40250948745584, -0.12080648795711779]
1	[-0.034883932883339026, 0.7113793296318007, 0.23384265443114588, -1.4516519480165535, -2.4025022136055734, -0.1207027706485414]
1	[-0.034887709013805134, 0.7113856442719256, 0.23385343724876279, -1.4516592076580805, -2.402517692759751, -0.12076280104960906]
1	[-0.03488017263817554, 0.7113873325626394, 0.23383614384158827, -1.451709353722164, -2.4024737201378876, -0.12075064480220254]
1	[-0.03488373130924796, 0.7113741057188995, 0.23382417437844677, -1.451739588953969, -2.4024714231764643, -0.1206629464960145]
1	[-0.03488468079095777, 0.7113829888210699, 0.2338583632684133, -1.4517563639392952, -2.402482511706789, -0.12079803675632052]
1	[-0.03489181162902702, 0.7113696245609081, 0.23384645816096844, -1.4517275415971629, -2.4024669650404755, -0.12072698551560192]
1	[-0.034895432463564545, 0.7113828445804916, 0.23385899903046548, -1.4517419396899556, -2.402465290622408, -0.12077876685832185]
1	[-0.03487429883981155, 0.71137794610363, 0.23381033837390014, -1.4517122943026002, -2.4024897877688907, -0.12067416306664255]
1	[-0.03486317564368291, 0.7113864510331156, 0.23383335298276853, -1.4517482075093844, -2.402462682688148, -0.12072544393923011]
1	[-0.03487888570289993, 0.7113752918860604, 0.2338256935223647, -1.4517160448136008, -2.4025255602475806, -0.1207296193887952]
1	[-0.03487500411126035, 0.7113899097761943, 0.23385946786990164, -1.4517427206524236, -2.402492160710211, -0.12080652999541196]
1	[-0.03487738153180843, 0.711383545925388, 0.23385869385802388, -1.4517065618778366, -2.402501899276678, -0.12080517579516438]
1	[-0.03488333143973926, 0.7113700404531604, 0.23384645816096844, -1.4516567938644955, -2.4025129330088073, -0.12074685510555037]
1	[-0.03487650653524579, 0.7113944337105459, 0.23383791239416882, -1.4517191537159102, -2.4024876571207545, -0.12077989253660236]
1	[-0.03488793272820109, 0.7113845434842968, 0.23383210664334797, -1.4517155343053467, -2.4024810986893796, -0.12075303035591489]
1	[-0.03486381120099859, 0.711376717280398, 0.2338073787403528, -1.4517357970689113, -2.402494829691169, -0.12070730612055862]
1	[-0.034867264204073725, 0.7113768193788845, 0.23382728311776657, -1.451724176636283, -2.402458582274059, -0.12069860874841842]
1	[-0.0348800671486927, 0.711381495219766, 0.23383613665677927, -1.451710715070536, -2.402497155031753, -0.120730047818218]
1	[-0.03487877417548095, 0.7113886543555487, 0.23385762361696594, -1.4516316526820736, -2.402518452667849, -0.12081770611046763]
1	[-0.03490680718152962, 0.7113795497162598, 0.2338253719361085, -1.4516602183729717, -2.4025139730777902, -0.12071411250370011]
1	[-0.03489991969193013, 0.7113775369111145, 0.23383117111680024, -1.4516723910703881, -2.4025003335961927, -0.12069465894228273]
1	[-0.034879915653934834, 0.7113823600144814, 0.23383753208218278, -1.4516496302627906, -2.402530139939683, -0.12075681632992426]
1	[-0.03488172996271119, 0.7113724267575929, 0.23382115887291952, -1.4517064008480953, -2.4025118648162582, -0.12070111526972031]
1	[-0.03487918847862503, 0.7113863319237728, 0.23383443048957075, -1.4517062951535538, -2.402494309209856, -0.12074491283283562]
1	[-0.034870373537647895, 0.711374015973981, 0.23383265285368643, -1.4517311478397297, -2.402516868457351, -0.12073272459721375]
1	[-0.03489490425261243, 0.7113716894780436, 0.23382103524208675, -1.451668456084983, -2.4024900426249745, -0.12065556677792001]
1	[-0.034889070156467375, 0.7113846233903461, 0.23382261844823937, -1.4516891385165576, -2.402497249188242, -0.12072022797358897]
1	[-0.03488952589343213, 0.7113885101847418, 0.2338582594585243, -1.4516313462808506, -2.4024922430828157, -0.12079561471037874]
1	[-0.03489373395717223, 0.7113794363134037, 0.23385319262642507, -1.4516468277704477, -2.4025569621973717, -0.12080020226221441]
1	[-0.034863792624478016, 0.7113958863005911, 0.23384900305847284, -1.4517251635259358, -2.4024221756302264, -0.12078705463217307]
1	[-0.034870257533164625, 0.7113873572463602, 0.23385483269436508, -1.4517271365499926, -2.4024704357755615, -0.12077545796706528]
1	[-0.034863478683086674, 0.7113847214081914, 0.2338305621658127, -1.4517292007015898, -2.402486589402304, -0.12070012971474964]
1	[-0.03487460120137681, 0.7113762576229948, 0.23384640251227873, -1.4516554991243895, -2.4025079797870816, -0.1207301935865791]
1	[-0.03487051610206501, 0.711385878121038, 0.23382328478360304, -1.4516928878722777, -2.4025215597935827, -0.12070970608202562]
1	[-0.034862834767003345, 0.7113754564643474, 0.23384402089705209, -1.451710462383702, -2.4025010443910157, -0.1207783963490686]
1	[-0.03489739088659802, 0.7113719959653927, 0.23382181251680173, -1.4517364663669798, -2.4025161851512093, -0.12066253122429053]
1	[-0.03489826899712934, 0.7113738669724807, 0.2338249339168883, -1.451677595390363, -2.402528609282701, -0.12069487189043783]
1	[-0.034876097044380716, 0.7113775182904365, 0.23381958354203347, -1.4517817544533387, -2.402521293140138, -0.12070471662767052]
1	[-0.03489645820589933, 0.7113709660527049, 0.23382005614943163, -1.4516909567552734, -2.4025635249518964, -0.12066437276675099]
1	[-0.03489911179695278, 0.7113693228046742, 0.2338173838558147, -1.4516624338422564, -2.402537738956237, -0.12069900496587747]
1	[-0.034883211279713146, 0.7113833604525774, 0.23385888797843696, -1.4516761284568291, -2.4024634862678327, -0.12075563623823087]
1	[-0.0348799129049428, 0.7113823303553707, 0.23382786454948523, -1.451715283869534, -2.4025001320263804, -0.12071455313116217]
1	[-0.03488235315181977, 0.7113818279064255, 0.23383675283120856, -1.4516694259528613, -2.4024804634656514, -0.12076493022399862]
1	[-0.03487826501642234, 0.7113786901159017, 0.2338312948835119, -1.4517536588075473, -2.402495501049242, -0.12073727362097147]
1	[-0.034899974826496705, 0.7113708359875033, 0.2338104140420787, -1.4516694608700687, -2.402538479036333, -0.1206451405130073]
1	[-0.03488069212137908, 0.7113781183250975, 0.233840285467009, -1.4516779903772228, -2.402512253128404, -0.12075070097550357]
1	[-0.03488218448308428, 0.7113698321750946, 0.2338169727235611, -1.4517337957791265, -2.402512133058614, -0.12065196750459865]
1	[-0.034866950769742125, 0.7113785092509153, 0.23383984383649536, -1.4516912020327566, -2.4024734219495842, -0.12072054434966159]
1	[-0.03486979558289406, 0.7113899403585545, 0.23387845685722222, -1.4516656825657477, -2.402485713310348, -0.12084678163254099]
1	[-0.03490860938536834, 0.711382354783733, 0.23383021375894603, -1.4516607573404463, -2.4024879444250136, -0.1206981939110044]
1	[-0.03488093998545059, 0.7113830887503613, 0.2338582521070281, -1.451676594690121, -2.402488666223601, -0.1207719697830121]
1	[-0.03488342067506599, 0.7113758252011562, 0.23384640251227873, -1.451753900797665, -2.4024443690975392, -0.12070456595650894]
1	[-0.034882959119918344, 0.711378368787847, 0.23383117111680024, -1.4516878827528688, -2.402492325947418, -0.1207030132242334]
1	[-0.0348705400373348, 0.7113792741776315, 0.23384135028347103, -1.451695769522318, -2.4025092439994915, -0.12077619982630916]
1	[-0.03488664635810593, 0.7113849606733517, 0.23385212235151737, -1.4516570297393583, -2.4025202590533494, -0.12080144311386566]
1	[-0.034876930678152805, 0.7113794694339735, 0.23384216578469236, -1.4516898863378946, -2.4025313615892685, -0.12080298720629284]
1	[-0.03488555612340458, 0.7113848302615439, 0.23385181717906053, -1.4516784411450574, -2.4025188565789235, -0.12080504758601363]
1	[-0.03488556851961071, 0.7113781542515998, 0.23384071451805877, -1.4516948445887485, -2.402533416669241, -0.12078113150518452]
1	[-0.03489660642389235, 0.7113829353390587, 0.23383991178490665, -1.4516819096949343, -2.4025138993985884, -0.12072380428876588]
1	[-0.03487125349454565, 0.7113819935258726, 0.23382650526007945, -1.451721099452318, -2.4024855607450366, -0.12074842515868493]
1	[-0.034873066313241344, 0.7113720157523732, 0.23382951358000503, -1.451716889743474, -2.4025002074616797, -0.12071970009292286]
1	[-0.034892942965451326, 0.7113697392160757, 0.2338370259938178, -1.4516868438567547, -2.402491984184162, -0.12069762488401757]
1	[-0.034877393990636205, 0.7113768700091574, 0.23384759113878184, -1.4517094125309415, -2.4025250876412096, -0.12078396891226476]
1	[-0.03490302718401109, 0.7113872147666783, 0.23383787499624364, -1.4516702568427262, -2.402527978205103, -0.12074293165414907]
1	[-0.03489744346703117, 0.7113848218287085, 0.2338527708837909, -1.4516564431237688, -2.4024937185029516, -0.12077907907884215]
1	[-0.0348723299078931, 0.711375985863433, 0.2338457666625942, -1.4517124353946511, -2.4024972097643955, -0.12073523689232918]
1	[-0.03488151348452809, 0.7113799113196034, 0.23381422632293405, -1.4517605458294465, -2.402470634441126, -0.12066739159420563]
1	[-0.03486050364931214, 0.7113820813339431, 0.2338160634015627, -1.4517167006451188, -2.4025268497815917, -0.1207415888248592]
1	[-0.034906864946063244, 0.7113728786501433, 0.23381428226911932, -1.4516763412896425, -2.402528201754804, -0.12068992406004203]
1	[-0.034885623081523764, 0.7113715476338953, 0.233839347988118, -1.451743953385116, -2.4025146193372553, -0.1207800700799599]
1	[-0.034852954176153014, 0.7113774202310799, 0.23382708893808038, -1.4518120491467799, -2.4024613544804243, -0.12074238967516032]
1	[-0.03486995955177595, 0.7113824001247321, 0.2338659584099263, -1.4517149356415007, -2.4024852630942433, -0.12080174159117062]
1	[-0.03488705969322922, 0.711376616506837, 0.2338576719565078, -1.4516636892622197, -2.402528172301499, -0.12080812626861677]
1	[-0.034871302210306335, 0.711394485661412, 0.23386665201639148, -1.4516616857849138, -2.4024569011797183, -0.12084551555141713]
1	[-0.03488871797120556, 0.7113802967571616, 0.23384447180507204, -1.4516778606393361, -2.4024936975436755, -0.12078867171583198]
1	[-0.034875754821093785, 0.7113699940078461, 0.23381662431649966, -1.451740095446024, -2.4024715426848173, -0.12066990201953846]
1	[-0.034897648389967006, 0.711377265226399, 0.23383053526542014, -1.451715209536654, -2.4024985511622634, -0.12070252559063621]
1	[-0.034865669471595466, 0.7113868082955827, 0.2338535484505781, -1.4517407731151932, -2.40251321736948, -0.12080591394534963]
1	[-0.034878587004272904, 0.7113770427854537, 0.23383823457976377, -1.4517258236197328, -2.4024956794285055, -0.12078606299913615]
1	[-0.03489191875439132, 0.7113690098031836, 0.23381630638248752, -1.4516745612784423, -2.4025241103178905, -0.12067953598712763]
1	[-0.03488979580820016, 0.7113871030552104, 0.23385587975317262, -1.4516835265303836, -2.402452858220685, -0.12080028925855396]
1	[-0.034892748713628255, 0.7113708454276615, 0.23380974774069757, -1.4516821894755518, -2.402506498192879, -0.12066977380641636]
1	[-0.03488114937821325, 0.7113755534697532, 0.2338457666625942, -1.4517255673109226, -2.40248788475577, -0.12072665721328227]
1	[-0.03489061380096149, 0.7113761382506232, 0.23384748000505104, -1.4516711862477492, -2.4025029362793378, -0.12073814684780093]
1	[-0.03485574031712545, 0.7113812261457217, 0.23383364402233123, -1.4517433643207933, -2.4024607560845457, -0.12074665418630876]
1	[-0.034868924955737415, 0.7113880806863662, 0.233855897533061, -1.451701577497651, -2.4024940525891934, -0.12080366644073699]
1	[-0.03488259295619408, 0.7113739399609887, 0.23381418905934687, -1.4517134278018413, -2.402512604613286, -0.12064725078496738]
1	[-0.0348969288001898, 0.7113745803586665, 0.23384543604183722, -1.4516608941162634, -2.4025404501914087, -0.12073667679439323]
1	[-0.03487993865070092, 0.7113630009229432, 0.23381502081243072, -1.4517128518983347, -2.4025463625745327, -0.12072486436232122]
1	[-0.03488112610532864, 0.7113691699896141, 0.2338254079134231, -1.4517223895994447, -2.402508728436195, -0.12072173901758192]
1	[-0.03488053307128014, 0.7113789725212835, 0.23386111835934478, -1.4517257166458024, -2.4024698287170123, -0.12077108387937416]
1	[-0.03489764512588797, 0.7113772759371247, 0.2338597229128005, -1.451658933427728, -2.402516393535114, -0.1207584270501326]
1	[-0.03487647600244742, 0.7113724530153478, 0.2338401347743843, -1.4517002313945788, -2.4024608085343315, -0.12072752934988512]
1	[-0.034903019621323285, 0.711387204207496, 0.23385731272770094, -1.451694362603571, -2.402506495351228, -0.1207534800777326]
1	[-0.03489759774377506, 0.7113839863973019, 0.2338610430288503, -1.4516383212765003, -2.4024993691991323, -0.12079728308139595]
1	[-0.03489005597861151, 0.7113728458461915, 0.23381288687553306, -1.4517246826970416, -2.402505184337284, -0.12067715399809617]
1	[-0.03488942033020396, 0.7113826728866297, 0.2338582521070281, -1.4517044247089645, -2.402470020598422, -0.12076067994687768]
1	[-0.034890207475083125, 0.711371980983551, 0.2338114914924136, -1.451701061034903, -2.4025261252180177, -0.12066731882756092]
1	[-0.034889677364824415, 0.7113876454600839, 0.23385686399360722, -1.4517212295244128, -2.402440923152454, -0.12076308721903392]
1	[-0.03486841266219391, 0.7113781270704068, 0.23385875652859148, -1.451766743237628, -2.4024893021035, -0.12077924891780045]
1	[-0.034868148241363736, 0.7113923609654815, 0.2338920001709478, -1.45173481500495, -2.4024429463757184, -0.12087125542917929]
1	[-0.03487811352019689, 0.7113795549188158, 0.2338326903101123, -1.4517202448242532, -2.402510870645863, -0.12075851013704163]